arrival_rate_per_s,typing,type_count,parent_type,child_type,eligible_parent_events,direct_child_events,B_entry
0.1,scalar,1,0,0,39,1,0.02564102564102564
0.1,severity_SR,2,0,0,13,0,0.0
0.1,severity_SR,2,0,1,13,0,0.0
0.1,severity_SR,2,1,0,26,0,0.0
0.1,severity_SR,2,1,1,26,1,0.038461538461538464
0.1,spatial_4,4,0,0,12,0,0.0
0.1,spatial_4,4,0,1,12,0,0.0
0.1,spatial_4,4,0,2,12,0,0.0
0.1,spatial_4,4,0,3,12,0,0.0
0.1,spatial_4,4,1,0,9,0,0.0
0.1,spatial_4,4,1,1,9,0,0.0
0.1,spatial_4,4,1,2,9,0,0.0
0.1,spatial_4,4,1,3,9,0,0.0
0.1,spatial_4,4,2,0,9,0,0.0
0.1,spatial_4,4,2,1,9,0,0.0
0.1,spatial_4,4,2,2,9,1,0.1111111111111111
0.1,spatial_4,4,2,3,9,0,0.0
0.1,spatial_4,4,3,0,9,0,0.0
0.1,spatial_4,4,3,1,9,0,0.0
0.1,spatial_4,4,3,2,9,0,0.0
0.1,spatial_4,4,3,3,9,0,0.0
0.1,spatial_8,8,0,0,8,0,0.0
0.1,spatial_8,8,0,1,8,0,0.0
0.1,spatial_8,8,0,2,8,0,0.0
0.1,spatial_8,8,0,3,8,0,0.0
0.1,spatial_8,8,0,4,8,0,0.0
0.1,spatial_8,8,0,5,8,0,0.0
0.1,spatial_8,8,0,6,8,0,0.0
0.1,spatial_8,8,0,7,8,0,0.0
0.1,spatial_8,8,1,0,4,0,0.0
0.1,spatial_8,8,1,1,4,0,0.0
0.1,spatial_8,8,1,2,4,0,0.0
0.1,spatial_8,8,1,3,4,0,0.0
0.1,spatial_8,8,1,4,4,0,0.0
0.1,spatial_8,8,1,5,4,0,0.0
0.1,spatial_8,8,1,6,4,0,0.0
0.1,spatial_8,8,1,7,4,0,0.0
0.1,spatial_8,8,2,0,5,0,0.0
0.1,spatial_8,8,2,1,5,0,0.0
0.1,spatial_8,8,2,2,5,0,0.0
0.1,spatial_8,8,2,3,5,0,0.0
0.1,spatial_8,8,2,4,5,0,0.0
0.1,spatial_8,8,2,5,5,0,0.0
0.1,spatial_8,8,2,6,5,0,0.0
0.1,spatial_8,8,2,7,5,0,0.0
0.1,spatial_8,8,3,0,4,0,0.0
0.1,spatial_8,8,3,1,4,0,0.0
0.1,spatial_8,8,3,2,4,0,0.0
0.1,spatial_8,8,3,3,4,0,0.0
0.1,spatial_8,8,3,4,4,0,0.0
0.1,spatial_8,8,3,5,4,0,0.0
0.1,spatial_8,8,3,6,4,0,0.0
0.1,spatial_8,8,3,7,4,0,0.0
0.1,spatial_8,8,4,0,4,0,0.0
0.1,spatial_8,8,4,1,4,0,0.0
0.1,spatial_8,8,4,2,4,0,0.0
0.1,spatial_8,8,4,3,4,0,0.0
0.1,spatial_8,8,4,4,4,0,0.0
0.1,spatial_8,8,4,5,4,0,0.0
0.1,spatial_8,8,4,6,4,0,0.0
0.1,spatial_8,8,4,7,4,0,0.0
0.1,spatial_8,8,5,0,5,0,0.0
0.1,spatial_8,8,5,1,5,0,0.0
0.1,spatial_8,8,5,2,5,0,0.0
0.1,spatial_8,8,5,3,5,0,0.0
0.1,spatial_8,8,5,4,5,1,0.2
0.1,spatial_8,8,5,5,5,0,0.0
0.1,spatial_8,8,5,6,5,0,0.0
0.1,spatial_8,8,5,7,5,0,0.0
0.1,spatial_8,8,6,0,5,0,0.0
0.1,spatial_8,8,6,1,5,0,0.0
0.1,spatial_8,8,6,2,5,0,0.0
0.1,spatial_8,8,6,3,5,0,0.0
0.1,spatial_8,8,6,4,5,0,0.0
0.1,spatial_8,8,6,5,5,0,0.0
0.1,spatial_8,8,6,6,5,0,0.0
0.1,spatial_8,8,6,7,5,0,0.0
0.1,spatial_8,8,7,0,4,0,0.0
0.1,spatial_8,8,7,1,4,0,0.0
0.1,spatial_8,8,7,2,4,0,0.0
0.1,spatial_8,8,7,3,4,0,0.0
0.1,spatial_8,8,7,4,4,0,0.0
0.1,spatial_8,8,7,5,4,0,0.0
0.1,spatial_8,8,7,6,4,0,0.0
0.1,spatial_8,8,7,7,4,0,0.0
0.1,spatial_16,16,0,0,3,0,0.0
0.1,spatial_16,16,0,1,3,0,0.0
0.1,spatial_16,16,0,2,3,0,0.0
0.1,spatial_16,16,0,3,3,0,0.0
0.1,spatial_16,16,0,4,3,0,0.0
0.1,spatial_16,16,0,5,3,0,0.0
0.1,spatial_16,16,0,6,3,0,0.0
0.1,spatial_16,16,0,7,3,0,0.0
0.1,spatial_16,16,0,8,3,0,0.0
0.1,spatial_16,16,0,9,3,0,0.0
0.1,spatial_16,16,0,10,3,0,0.0
0.1,spatial_16,16,0,11,3,0,0.0
0.1,spatial_16,16,0,12,3,0,0.0
0.1,spatial_16,16,0,13,3,0,0.0
0.1,spatial_16,16,0,14,3,0,0.0
0.1,spatial_16,16,0,15,3,0,0.0
0.1,spatial_16,16,1,0,5,0,0.0
0.1,spatial_16,16,1,1,5,0,0.0
0.1,spatial_16,16,1,2,5,0,0.0
0.1,spatial_16,16,1,3,5,0,0.0
0.1,spatial_16,16,1,4,5,0,0.0
0.1,spatial_16,16,1,5,5,0,0.0
0.1,spatial_16,16,1,6,5,0,0.0
0.1,spatial_16,16,1,7,5,0,0.0
0.1,spatial_16,16,1,8,5,0,0.0
0.1,spatial_16,16,1,9,5,0,0.0
0.1,spatial_16,16,1,10,5,0,0.0
0.1,spatial_16,16,1,11,5,0,0.0
0.1,spatial_16,16,1,12,5,0,0.0
0.1,spatial_16,16,1,13,5,0,0.0
0.1,spatial_16,16,1,14,5,0,0.0
0.1,spatial_16,16,1,15,5,0,0.0
0.1,spatial_16,16,2,0,2,0,0.0
0.1,spatial_16,16,2,1,2,0,0.0
0.1,spatial_16,16,2,2,2,0,0.0
0.1,spatial_16,16,2,3,2,0,0.0
0.1,spatial_16,16,2,4,2,0,0.0
0.1,spatial_16,16,2,5,2,0,0.0
0.1,spatial_16,16,2,6,2,0,0.0
0.1,spatial_16,16,2,7,2,0,0.0
0.1,spatial_16,16,2,8,2,0,0.0
0.1,spatial_16,16,2,9,2,0,0.0
0.1,spatial_16,16,2,10,2,0,0.0
0.1,spatial_16,16,2,11,2,0,0.0
0.1,spatial_16,16,2,12,2,0,0.0
0.1,spatial_16,16,2,13,2,0,0.0
0.1,spatial_16,16,2,14,2,0,0.0
0.1,spatial_16,16,2,15,2,0,0.0
0.1,spatial_16,16,3,0,2,0,0.0
0.1,spatial_16,16,3,1,2,0,0.0
0.1,spatial_16,16,3,2,2,0,0.0
0.1,spatial_16,16,3,3,2,0,0.0
0.1,spatial_16,16,3,4,2,0,0.0
0.1,spatial_16,16,3,5,2,0,0.0
0.1,spatial_16,16,3,6,2,0,0.0
0.1,spatial_16,16,3,7,2,0,0.0
0.1,spatial_16,16,3,8,2,0,0.0
0.1,spatial_16,16,3,9,2,0,0.0
0.1,spatial_16,16,3,10,2,0,0.0
0.1,spatial_16,16,3,11,2,0,0.0
0.1,spatial_16,16,3,12,2,0,0.0
0.1,spatial_16,16,3,13,2,0,0.0
0.1,spatial_16,16,3,14,2,0,0.0
0.1,spatial_16,16,3,15,2,0,0.0
0.1,spatial_16,16,4,0,4,0,0.0
0.1,spatial_16,16,4,1,4,0,0.0
0.1,spatial_16,16,4,2,4,0,0.0
0.1,spatial_16,16,4,3,4,0,0.0
0.1,spatial_16,16,4,4,4,0,0.0
0.1,spatial_16,16,4,5,4,0,0.0
0.1,spatial_16,16,4,6,4,0,0.0
0.1,spatial_16,16,4,7,4,0,0.0
0.1,spatial_16,16,4,8,4,0,0.0
0.1,spatial_16,16,4,9,4,0,0.0
0.1,spatial_16,16,4,10,4,0,0.0
0.1,spatial_16,16,4,11,4,0,0.0
0.1,spatial_16,16,4,12,4,0,0.0
0.1,spatial_16,16,4,13,4,0,0.0
0.1,spatial_16,16,4,14,4,0,0.0
0.1,spatial_16,16,4,15,4,0,0.0
0.1,spatial_16,16,5,0,1,0,0.0
0.1,spatial_16,16,5,1,1,0,0.0
0.1,spatial_16,16,5,2,1,0,0.0
0.1,spatial_16,16,5,3,1,0,0.0
0.1,spatial_16,16,5,4,1,0,0.0
0.1,spatial_16,16,5,5,1,0,0.0
0.1,spatial_16,16,5,6,1,0,0.0
0.1,spatial_16,16,5,7,1,0,0.0
0.1,spatial_16,16,5,8,1,0,0.0
0.1,spatial_16,16,5,9,1,0,0.0
0.1,spatial_16,16,5,10,1,0,0.0
0.1,spatial_16,16,5,11,1,0,0.0
0.1,spatial_16,16,5,12,1,0,0.0
0.1,spatial_16,16,5,13,1,0,0.0
0.1,spatial_16,16,5,14,1,0,0.0
0.1,spatial_16,16,5,15,1,0,0.0
0.1,spatial_16,16,6,0,1,0,0.0
0.1,spatial_16,16,6,1,1,0,0.0
0.1,spatial_16,16,6,2,1,0,0.0
0.1,spatial_16,16,6,3,1,0,0.0
0.1,spatial_16,16,6,4,1,0,0.0
0.1,spatial_16,16,6,5,1,0,0.0
0.1,spatial_16,16,6,6,1,0,0.0
0.1,spatial_16,16,6,7,1,0,0.0
0.1,spatial_16,16,6,8,1,0,0.0
0.1,spatial_16,16,6,9,1,0,0.0
0.1,spatial_16,16,6,10,1,0,0.0
0.1,spatial_16,16,6,11,1,0,0.0
0.1,spatial_16,16,6,12,1,0,0.0
0.1,spatial_16,16,6,13,1,0,0.0
0.1,spatial_16,16,6,14,1,0,0.0
0.1,spatial_16,16,6,15,1,0,0.0
0.1,spatial_16,16,7,0,3,0,0.0
0.1,spatial_16,16,7,1,3,0,0.0
0.1,spatial_16,16,7,2,3,0,0.0
0.1,spatial_16,16,7,3,3,0,0.0
0.1,spatial_16,16,7,4,3,0,0.0
0.1,spatial_16,16,7,5,3,0,0.0
0.1,spatial_16,16,7,6,3,0,0.0
0.1,spatial_16,16,7,7,3,0,0.0
0.1,spatial_16,16,7,8,3,0,0.0
0.1,spatial_16,16,7,9,3,0,0.0
0.1,spatial_16,16,7,10,3,0,0.0
0.1,spatial_16,16,7,11,3,0,0.0
0.1,spatial_16,16,7,12,3,0,0.0
0.1,spatial_16,16,7,13,3,0,0.0
0.1,spatial_16,16,7,14,3,0,0.0
0.1,spatial_16,16,7,15,3,0,0.0
0.1,spatial_16,16,8,0,1,0,0.0
0.1,spatial_16,16,8,1,1,0,0.0
0.1,spatial_16,16,8,2,1,0,0.0
0.1,spatial_16,16,8,3,1,0,0.0
0.1,spatial_16,16,8,4,1,0,0.0
0.1,spatial_16,16,8,5,1,0,0.0
0.1,spatial_16,16,8,6,1,0,0.0
0.1,spatial_16,16,8,7,1,0,0.0
0.1,spatial_16,16,8,8,1,0,0.0
0.1,spatial_16,16,8,9,1,0,0.0
0.1,spatial_16,16,8,10,1,0,0.0
0.1,spatial_16,16,8,11,1,0,0.0
0.1,spatial_16,16,8,12,1,0,0.0
0.1,spatial_16,16,8,13,1,0,0.0
0.1,spatial_16,16,8,14,1,0,0.0
0.1,spatial_16,16,8,15,1,0,0.0
0.1,spatial_16,16,9,0,3,0,0.0
0.1,spatial_16,16,9,1,3,0,0.0
0.1,spatial_16,16,9,2,3,0,0.0
0.1,spatial_16,16,9,3,3,0,0.0
0.1,spatial_16,16,9,4,3,0,0.0
0.1,spatial_16,16,9,5,3,0,0.0
0.1,spatial_16,16,9,6,3,0,0.0
0.1,spatial_16,16,9,7,3,0,0.0
0.1,spatial_16,16,9,8,3,0,0.0
0.1,spatial_16,16,9,9,3,0,0.0
0.1,spatial_16,16,9,10,3,0,0.0
0.1,spatial_16,16,9,11,3,0,0.0
0.1,spatial_16,16,9,12,3,0,0.0
0.1,spatial_16,16,9,13,3,0,0.0
0.1,spatial_16,16,9,14,3,0,0.0
0.1,spatial_16,16,9,15,3,0,0.0
0.1,spatial_16,16,10,0,2,0,0.0
0.1,spatial_16,16,10,1,2,0,0.0
0.1,spatial_16,16,10,2,2,0,0.0
0.1,spatial_16,16,10,3,2,0,0.0
0.1,spatial_16,16,10,4,2,0,0.0
0.1,spatial_16,16,10,5,2,0,0.0
0.1,spatial_16,16,10,6,2,0,0.0
0.1,spatial_16,16,10,7,2,0,0.0
0.1,spatial_16,16,10,8,2,0,0.0
0.1,spatial_16,16,10,9,2,1,0.5
0.1,spatial_16,16,10,10,2,0,0.0
0.1,spatial_16,16,10,11,2,0,0.0
0.1,spatial_16,16,10,12,2,0,0.0
0.1,spatial_16,16,10,13,2,0,0.0
0.1,spatial_16,16,10,14,2,0,0.0
0.1,spatial_16,16,10,15,2,0,0.0
0.1,spatial_16,16,11,0,3,0,0.0
0.1,spatial_16,16,11,1,3,0,0.0
0.1,spatial_16,16,11,2,3,0,0.0
0.1,spatial_16,16,11,3,3,0,0.0
0.1,spatial_16,16,11,4,3,0,0.0
0.1,spatial_16,16,11,5,3,0,0.0
0.1,spatial_16,16,11,6,3,0,0.0
0.1,spatial_16,16,11,7,3,0,0.0
0.1,spatial_16,16,11,8,3,0,0.0
0.1,spatial_16,16,11,9,3,0,0.0
0.1,spatial_16,16,11,10,3,0,0.0
0.1,spatial_16,16,11,11,3,0,0.0
0.1,spatial_16,16,11,12,3,0,0.0
0.1,spatial_16,16,11,13,3,0,0.0
0.1,spatial_16,16,11,14,3,0,0.0
0.1,spatial_16,16,11,15,3,0,0.0
0.1,spatial_16,16,12,0,3,0,0.0
0.1,spatial_16,16,12,1,3,0,0.0
0.1,spatial_16,16,12,2,3,0,0.0
0.1,spatial_16,16,12,3,3,0,0.0
0.1,spatial_16,16,12,4,3,0,0.0
0.1,spatial_16,16,12,5,3,0,0.0
0.1,spatial_16,16,12,6,3,0,0.0
0.1,spatial_16,16,12,7,3,0,0.0
0.1,spatial_16,16,12,8,3,0,0.0
0.1,spatial_16,16,12,9,3,0,0.0
0.1,spatial_16,16,12,10,3,0,0.0
0.1,spatial_16,16,12,11,3,0,0.0
0.1,spatial_16,16,12,12,3,0,0.0
0.1,spatial_16,16,12,13,3,0,0.0
0.1,spatial_16,16,12,14,3,0,0.0
0.1,spatial_16,16,12,15,3,0,0.0
0.1,spatial_16,16,13,0,2,0,0.0
0.1,spatial_16,16,13,1,2,0,0.0
0.1,spatial_16,16,13,2,2,0,0.0
0.1,spatial_16,16,13,3,2,0,0.0
0.1,spatial_16,16,13,4,2,0,0.0
0.1,spatial_16,16,13,5,2,0,0.0
0.1,spatial_16,16,13,6,2,0,0.0
0.1,spatial_16,16,13,7,2,0,0.0
0.1,spatial_16,16,13,8,2,0,0.0
0.1,spatial_16,16,13,9,2,0,0.0
0.1,spatial_16,16,13,10,2,0,0.0
0.1,spatial_16,16,13,11,2,0,0.0
0.1,spatial_16,16,13,12,2,0,0.0
0.1,spatial_16,16,13,13,2,0,0.0
0.1,spatial_16,16,13,14,2,0,0.0
0.1,spatial_16,16,13,15,2,0,0.0
0.1,spatial_16,16,14,0,4,0,0.0
0.1,spatial_16,16,14,1,4,0,0.0
0.1,spatial_16,16,14,2,4,0,0.0
0.1,spatial_16,16,14,3,4,0,0.0
0.1,spatial_16,16,14,4,4,0,0.0
0.1,spatial_16,16,14,5,4,0,0.0
0.1,spatial_16,16,14,6,4,0,0.0
0.1,spatial_16,16,14,7,4,0,0.0
0.1,spatial_16,16,14,8,4,0,0.0
0.1,spatial_16,16,14,9,4,0,0.0
0.1,spatial_16,16,14,10,4,0,0.0
0.1,spatial_16,16,14,11,4,0,0.0
0.1,spatial_16,16,14,12,4,0,0.0
0.1,spatial_16,16,14,13,4,0,0.0
0.1,spatial_16,16,14,14,4,0,0.0
0.1,spatial_16,16,14,15,4,0,0.0
0.1,spatial_16,16,15,0,0,0,0.0
0.1,spatial_16,16,15,1,0,0,0.0
0.1,spatial_16,16,15,2,0,0,0.0
0.1,spatial_16,16,15,3,0,0,0.0
0.1,spatial_16,16,15,4,0,0,0.0
0.1,spatial_16,16,15,5,0,0,0.0
0.1,spatial_16,16,15,6,0,0,0.0
0.1,spatial_16,16,15,7,0,0,0.0
0.1,spatial_16,16,15,8,0,0,0.0
0.1,spatial_16,16,15,9,0,0,0.0
0.1,spatial_16,16,15,10,0,0,0.0
0.1,spatial_16,16,15,11,0,0,0.0
0.1,spatial_16,16,15,12,0,0,0.0
0.1,spatial_16,16,15,13,0,0,0.0
0.1,spatial_16,16,15,14,0,0,0.0
0.1,spatial_16,16,15,15,0,0,0.0
0.1,root_gate_control,16,0,0,3,0,0.0
0.1,root_gate_control,16,0,1,3,0,0.0
0.1,root_gate_control,16,0,2,3,0,0.0
0.1,root_gate_control,16,0,3,3,0,0.0
0.1,root_gate_control,16,0,4,3,0,0.0
0.1,root_gate_control,16,0,5,3,0,0.0
0.1,root_gate_control,16,0,6,3,0,0.0
0.1,root_gate_control,16,0,7,3,0,0.0
0.1,root_gate_control,16,0,8,3,0,0.0
0.1,root_gate_control,16,0,9,3,0,0.0
0.1,root_gate_control,16,0,10,3,0,0.0
0.1,root_gate_control,16,0,11,3,0,0.0
0.1,root_gate_control,16,0,12,3,0,0.0
0.1,root_gate_control,16,0,13,3,0,0.0
0.1,root_gate_control,16,0,14,3,0,0.0
0.1,root_gate_control,16,0,15,3,0,0.0
0.1,root_gate_control,16,1,0,3,0,0.0
0.1,root_gate_control,16,1,1,3,0,0.0
0.1,root_gate_control,16,1,2,3,0,0.0
0.1,root_gate_control,16,1,3,3,0,0.0
0.1,root_gate_control,16,1,4,3,0,0.0
0.1,root_gate_control,16,1,5,3,0,0.0
0.1,root_gate_control,16,1,6,3,0,0.0
0.1,root_gate_control,16,1,7,3,0,0.0
0.1,root_gate_control,16,1,8,3,0,0.0
0.1,root_gate_control,16,1,9,3,0,0.0
0.1,root_gate_control,16,1,10,3,0,0.0
0.1,root_gate_control,16,1,11,3,0,0.0
0.1,root_gate_control,16,1,12,3,0,0.0
0.1,root_gate_control,16,1,13,3,0,0.0
0.1,root_gate_control,16,1,14,3,0,0.0
0.1,root_gate_control,16,1,15,3,0,0.0
0.1,root_gate_control,16,2,0,2,0,0.0
0.1,root_gate_control,16,2,1,2,0,0.0
0.1,root_gate_control,16,2,2,2,0,0.0
0.1,root_gate_control,16,2,3,2,0,0.0
0.1,root_gate_control,16,2,4,2,0,0.0
0.1,root_gate_control,16,2,5,2,0,0.0
0.1,root_gate_control,16,2,6,2,0,0.0
0.1,root_gate_control,16,2,7,2,0,0.0
0.1,root_gate_control,16,2,8,2,0,0.0
0.1,root_gate_control,16,2,9,2,0,0.0
0.1,root_gate_control,16,2,10,2,0,0.0
0.1,root_gate_control,16,2,11,2,0,0.0
0.1,root_gate_control,16,2,12,2,0,0.0
0.1,root_gate_control,16,2,13,2,0,0.0
0.1,root_gate_control,16,2,14,2,0,0.0
0.1,root_gate_control,16,2,15,2,0,0.0
0.1,root_gate_control,16,3,0,2,0,0.0
0.1,root_gate_control,16,3,1,2,0,0.0
0.1,root_gate_control,16,3,2,2,0,0.0
0.1,root_gate_control,16,3,3,2,0,0.0
0.1,root_gate_control,16,3,4,2,0,0.0
0.1,root_gate_control,16,3,5,2,0,0.0
0.1,root_gate_control,16,3,6,2,0,0.0
0.1,root_gate_control,16,3,7,2,0,0.0
0.1,root_gate_control,16,3,8,2,0,0.0
0.1,root_gate_control,16,3,9,2,0,0.0
0.1,root_gate_control,16,3,10,2,0,0.0
0.1,root_gate_control,16,3,11,2,0,0.0
0.1,root_gate_control,16,3,12,2,0,0.0
0.1,root_gate_control,16,3,13,2,0,0.0
0.1,root_gate_control,16,3,14,2,0,0.0
0.1,root_gate_control,16,3,15,2,0,0.0
0.1,root_gate_control,16,4,0,2,0,0.0
0.1,root_gate_control,16,4,1,2,0,0.0
0.1,root_gate_control,16,4,2,2,0,0.0
0.1,root_gate_control,16,4,3,2,0,0.0
0.1,root_gate_control,16,4,4,2,0,0.0
0.1,root_gate_control,16,4,5,2,0,0.0
0.1,root_gate_control,16,4,6,2,0,0.0
0.1,root_gate_control,16,4,7,2,0,0.0
0.1,root_gate_control,16,4,8,2,0,0.0
0.1,root_gate_control,16,4,9,2,0,0.0
0.1,root_gate_control,16,4,10,2,0,0.0
0.1,root_gate_control,16,4,11,2,0,0.0
0.1,root_gate_control,16,4,12,2,0,0.0
0.1,root_gate_control,16,4,13,2,0,0.0
0.1,root_gate_control,16,4,14,2,0,0.0
0.1,root_gate_control,16,4,15,2,0,0.0
0.1,root_gate_control,16,5,0,4,0,0.0
0.1,root_gate_control,16,5,1,4,0,0.0
0.1,root_gate_control,16,5,2,4,0,0.0
0.1,root_gate_control,16,5,3,4,0,0.0
0.1,root_gate_control,16,5,4,4,0,0.0
0.1,root_gate_control,16,5,5,4,0,0.0
0.1,root_gate_control,16,5,6,4,0,0.0
0.1,root_gate_control,16,5,7,4,0,0.0
0.1,root_gate_control,16,5,8,4,0,0.0
0.1,root_gate_control,16,5,9,4,0,0.0
0.1,root_gate_control,16,5,10,4,0,0.0
0.1,root_gate_control,16,5,11,4,0,0.0
0.1,root_gate_control,16,5,12,4,0,0.0
0.1,root_gate_control,16,5,13,4,0,0.0
0.1,root_gate_control,16,5,14,4,0,0.0
0.1,root_gate_control,16,5,15,4,0,0.0
0.1,root_gate_control,16,6,0,1,0,0.0
0.1,root_gate_control,16,6,1,1,0,0.0
0.1,root_gate_control,16,6,2,1,0,0.0
0.1,root_gate_control,16,6,3,1,0,0.0
0.1,root_gate_control,16,6,4,1,0,0.0
0.1,root_gate_control,16,6,5,1,0,0.0
0.1,root_gate_control,16,6,6,1,0,0.0
0.1,root_gate_control,16,6,7,1,0,0.0
0.1,root_gate_control,16,6,8,1,0,0.0
0.1,root_gate_control,16,6,9,1,0,0.0
0.1,root_gate_control,16,6,10,1,0,0.0
0.1,root_gate_control,16,6,11,1,0,0.0
0.1,root_gate_control,16,6,12,1,0,0.0
0.1,root_gate_control,16,6,13,1,0,0.0
0.1,root_gate_control,16,6,14,1,0,0.0
0.1,root_gate_control,16,6,15,1,0,0.0
0.1,root_gate_control,16,7,0,1,0,0.0
0.1,root_gate_control,16,7,1,1,0,0.0
0.1,root_gate_control,16,7,2,1,0,0.0
0.1,root_gate_control,16,7,3,1,0,0.0
0.1,root_gate_control,16,7,4,1,0,0.0
0.1,root_gate_control,16,7,5,1,0,0.0
0.1,root_gate_control,16,7,6,1,0,0.0
0.1,root_gate_control,16,7,7,1,0,0.0
0.1,root_gate_control,16,7,8,1,0,0.0
0.1,root_gate_control,16,7,9,1,0,0.0
0.1,root_gate_control,16,7,10,1,0,0.0
0.1,root_gate_control,16,7,11,1,0,0.0
0.1,root_gate_control,16,7,12,1,0,0.0
0.1,root_gate_control,16,7,13,1,0,0.0
0.1,root_gate_control,16,7,14,1,0,0.0
0.1,root_gate_control,16,7,15,1,0,0.0
0.1,root_gate_control,16,8,0,3,0,0.0
0.1,root_gate_control,16,8,1,3,0,0.0
0.1,root_gate_control,16,8,2,3,0,0.0
0.1,root_gate_control,16,8,3,3,0,0.0
0.1,root_gate_control,16,8,4,3,0,0.0
0.1,root_gate_control,16,8,5,3,0,0.0
0.1,root_gate_control,16,8,6,3,0,0.0
0.1,root_gate_control,16,8,7,3,0,0.0
0.1,root_gate_control,16,8,8,3,0,0.0
0.1,root_gate_control,16,8,9,3,0,0.0
0.1,root_gate_control,16,8,10,3,0,0.0
0.1,root_gate_control,16,8,11,3,0,0.0
0.1,root_gate_control,16,8,12,3,0,0.0
0.1,root_gate_control,16,8,13,3,0,0.0
0.1,root_gate_control,16,8,14,3,0,0.0
0.1,root_gate_control,16,8,15,3,0,0.0
0.1,root_gate_control,16,9,0,1,0,0.0
0.1,root_gate_control,16,9,1,1,0,0.0
0.1,root_gate_control,16,9,2,1,0,0.0
0.1,root_gate_control,16,9,3,1,0,0.0
0.1,root_gate_control,16,9,4,1,0,0.0
0.1,root_gate_control,16,9,5,1,0,0.0
0.1,root_gate_control,16,9,6,1,0,0.0
0.1,root_gate_control,16,9,7,1,0,0.0
0.1,root_gate_control,16,9,8,1,0,0.0
0.1,root_gate_control,16,9,9,1,0,0.0
0.1,root_gate_control,16,9,10,1,0,0.0
0.1,root_gate_control,16,9,11,1,0,0.0
0.1,root_gate_control,16,9,12,1,0,0.0
0.1,root_gate_control,16,9,13,1,0,0.0
0.1,root_gate_control,16,9,14,1,0,0.0
0.1,root_gate_control,16,9,15,1,0,0.0
0.1,root_gate_control,16,10,0,2,0,0.0
0.1,root_gate_control,16,10,1,2,0,0.0
0.1,root_gate_control,16,10,2,2,0,0.0
0.1,root_gate_control,16,10,3,2,0,0.0
0.1,root_gate_control,16,10,4,2,0,0.0
0.1,root_gate_control,16,10,5,2,0,0.0
0.1,root_gate_control,16,10,6,2,0,0.0
0.1,root_gate_control,16,10,7,2,0,0.0
0.1,root_gate_control,16,10,8,2,0,0.0
0.1,root_gate_control,16,10,9,2,0,0.0
0.1,root_gate_control,16,10,10,2,0,0.0
0.1,root_gate_control,16,10,11,2,0,0.0
0.1,root_gate_control,16,10,12,2,0,0.0
0.1,root_gate_control,16,10,13,2,0,0.0
0.1,root_gate_control,16,10,14,2,0,0.0
0.1,root_gate_control,16,10,15,2,0,0.0
0.1,root_gate_control,16,11,0,3,0,0.0
0.1,root_gate_control,16,11,1,3,0,0.0
0.1,root_gate_control,16,11,2,3,0,0.0
0.1,root_gate_control,16,11,3,3,0,0.0
0.1,root_gate_control,16,11,4,3,0,0.0
0.1,root_gate_control,16,11,5,3,0,0.0
0.1,root_gate_control,16,11,6,3,0,0.0
0.1,root_gate_control,16,11,7,3,0,0.0
0.1,root_gate_control,16,11,8,3,0,0.0
0.1,root_gate_control,16,11,9,3,0,0.0
0.1,root_gate_control,16,11,10,3,0,0.0
0.1,root_gate_control,16,11,11,3,1,0.3333333333333333
0.1,root_gate_control,16,11,12,3,0,0.0
0.1,root_gate_control,16,11,13,3,0,0.0
0.1,root_gate_control,16,11,14,3,0,0.0
0.1,root_gate_control,16,11,15,3,0,0.0
0.1,root_gate_control,16,12,0,3,0,0.0
0.1,root_gate_control,16,12,1,3,0,0.0
0.1,root_gate_control,16,12,2,3,0,0.0
0.1,root_gate_control,16,12,3,3,0,0.0
0.1,root_gate_control,16,12,4,3,0,0.0
0.1,root_gate_control,16,12,5,3,0,0.0
0.1,root_gate_control,16,12,6,3,0,0.0
0.1,root_gate_control,16,12,7,3,0,0.0
0.1,root_gate_control,16,12,8,3,0,0.0
0.1,root_gate_control,16,12,9,3,0,0.0
0.1,root_gate_control,16,12,10,3,0,0.0
0.1,root_gate_control,16,12,11,3,0,0.0
0.1,root_gate_control,16,12,12,3,0,0.0
0.1,root_gate_control,16,12,13,3,0,0.0
0.1,root_gate_control,16,12,14,3,0,0.0
0.1,root_gate_control,16,12,15,3,0,0.0
0.1,root_gate_control,16,13,0,3,0,0.0
0.1,root_gate_control,16,13,1,3,0,0.0
0.1,root_gate_control,16,13,2,3,0,0.0
0.1,root_gate_control,16,13,3,3,0,0.0
0.1,root_gate_control,16,13,4,3,0,0.0
0.1,root_gate_control,16,13,5,3,0,0.0
0.1,root_gate_control,16,13,6,3,0,0.0
0.1,root_gate_control,16,13,7,3,0,0.0
0.1,root_gate_control,16,13,8,3,0,0.0
0.1,root_gate_control,16,13,9,3,0,0.0
0.1,root_gate_control,16,13,10,3,0,0.0
0.1,root_gate_control,16,13,11,3,0,0.0
0.1,root_gate_control,16,13,12,3,0,0.0
0.1,root_gate_control,16,13,13,3,0,0.0
0.1,root_gate_control,16,13,14,3,0,0.0
0.1,root_gate_control,16,13,15,3,0,0.0
0.1,root_gate_control,16,14,0,2,0,0.0
0.1,root_gate_control,16,14,1,2,0,0.0
0.1,root_gate_control,16,14,2,2,0,0.0
0.1,root_gate_control,16,14,3,2,0,0.0
0.1,root_gate_control,16,14,4,2,0,0.0
0.1,root_gate_control,16,14,5,2,0,0.0
0.1,root_gate_control,16,14,6,2,0,0.0
0.1,root_gate_control,16,14,7,2,0,0.0
0.1,root_gate_control,16,14,8,2,0,0.0
0.1,root_gate_control,16,14,9,2,0,0.0
0.1,root_gate_control,16,14,10,2,0,0.0
0.1,root_gate_control,16,14,11,2,0,0.0
0.1,root_gate_control,16,14,12,2,0,0.0
0.1,root_gate_control,16,14,13,2,0,0.0
0.1,root_gate_control,16,14,14,2,0,0.0
0.1,root_gate_control,16,14,15,2,0,0.0
0.1,root_gate_control,16,15,0,4,0,0.0
0.1,root_gate_control,16,15,1,4,0,0.0
0.1,root_gate_control,16,15,2,4,0,0.0
0.1,root_gate_control,16,15,3,4,0,0.0
0.1,root_gate_control,16,15,4,4,0,0.0
0.1,root_gate_control,16,15,5,4,0,0.0
0.1,root_gate_control,16,15,6,4,0,0.0
0.1,root_gate_control,16,15,7,4,0,0.0
0.1,root_gate_control,16,15,8,4,0,0.0
0.1,root_gate_control,16,15,9,4,0,0.0
0.1,root_gate_control,16,15,10,4,0,0.0
0.1,root_gate_control,16,15,11,4,0,0.0
0.1,root_gate_control,16,15,12,4,0,0.0
0.1,root_gate_control,16,15,13,4,0,0.0
0.1,root_gate_control,16,15,14,4,0,0.0
0.1,root_gate_control,16,15,15,4,0,0.0
0.2,scalar,1,0,0,98,16,0.16326530612244897
0.2,severity_SR,2,0,0,31,2,0.06451612903225806
0.2,severity_SR,2,0,1,31,9,0.2903225806451613
0.2,severity_SR,2,1,0,67,0,0.0
0.2,severity_SR,2,1,1,67,5,0.07462686567164178
0.2,spatial_4,4,0,0,27,0,0.0
0.2,spatial_4,4,0,1,27,0,0.0
0.2,spatial_4,4,0,2,27,0,0.0
0.2,spatial_4,4,0,3,27,0,0.0
0.2,spatial_4,4,1,0,23,0,0.0
0.2,spatial_4,4,1,1,23,2,0.08695652173913043
0.2,spatial_4,4,1,2,23,0,0.0
0.2,spatial_4,4,1,3,23,0,0.0
0.2,spatial_4,4,2,0,29,0,0.0
0.2,spatial_4,4,2,1,29,1,0.034482758620689655
0.2,spatial_4,4,2,2,29,9,0.3103448275862069
0.2,spatial_4,4,2,3,29,0,0.0
0.2,spatial_4,4,3,0,19,0,0.0
0.2,spatial_4,4,3,1,19,0,0.0
0.2,spatial_4,4,3,2,19,2,0.10526315789473684
0.2,spatial_4,4,3,3,19,2,0.10526315789473684
0.2,spatial_8,8,0,0,17,0,0.0
0.2,spatial_8,8,0,1,17,0,0.0
0.2,spatial_8,8,0,2,17,0,0.0
0.2,spatial_8,8,0,3,17,0,0.0
0.2,spatial_8,8,0,4,17,0,0.0
0.2,spatial_8,8,0,5,17,0,0.0
0.2,spatial_8,8,0,6,17,0,0.0
0.2,spatial_8,8,0,7,17,0,0.0
0.2,spatial_8,8,1,0,10,0,0.0
0.2,spatial_8,8,1,1,10,0,0.0
0.2,spatial_8,8,1,2,10,0,0.0
0.2,spatial_8,8,1,3,10,0,0.0
0.2,spatial_8,8,1,4,10,0,0.0
0.2,spatial_8,8,1,5,10,0,0.0
0.2,spatial_8,8,1,6,10,0,0.0
0.2,spatial_8,8,1,7,10,0,0.0
0.2,spatial_8,8,2,0,12,0,0.0
0.2,spatial_8,8,2,1,12,0,0.0
0.2,spatial_8,8,2,2,12,1,0.08333333333333333
0.2,spatial_8,8,2,3,12,0,0.0
0.2,spatial_8,8,2,4,12,0,0.0
0.2,spatial_8,8,2,5,12,0,0.0
0.2,spatial_8,8,2,6,12,0,0.0
0.2,spatial_8,8,2,7,12,0,0.0
0.2,spatial_8,8,3,0,11,0,0.0
0.2,spatial_8,8,3,1,11,0,0.0
0.2,spatial_8,8,3,2,11,0,0.0
0.2,spatial_8,8,3,3,11,1,0.09090909090909091
0.2,spatial_8,8,3,4,11,0,0.0
0.2,spatial_8,8,3,5,11,0,0.0
0.2,spatial_8,8,3,6,11,0,0.0
0.2,spatial_8,8,3,7,11,0,0.0
0.2,spatial_8,8,4,0,10,0,0.0
0.2,spatial_8,8,4,1,10,0,0.0
0.2,spatial_8,8,4,2,10,0,0.0
0.2,spatial_8,8,4,3,10,1,0.1
0.2,spatial_8,8,4,4,10,3,0.3
0.2,spatial_8,8,4,5,10,0,0.0
0.2,spatial_8,8,4,6,10,0,0.0
0.2,spatial_8,8,4,7,10,0,0.0
0.2,spatial_8,8,5,0,19,0,0.0
0.2,spatial_8,8,5,1,19,0,0.0
0.2,spatial_8,8,5,2,19,0,0.0
0.2,spatial_8,8,5,3,19,0,0.0
0.2,spatial_8,8,5,4,19,1,0.05263157894736842
0.2,spatial_8,8,5,5,19,5,0.2631578947368421
0.2,spatial_8,8,5,6,19,0,0.0
0.2,spatial_8,8,5,7,19,0,0.0
0.2,spatial_8,8,6,0,14,0,0.0
0.2,spatial_8,8,6,1,14,0,0.0
0.2,spatial_8,8,6,2,14,0,0.0
0.2,spatial_8,8,6,3,14,0,0.0
0.2,spatial_8,8,6,4,14,0,0.0
0.2,spatial_8,8,6,5,14,2,0.14285714285714285
0.2,spatial_8,8,6,6,14,1,0.07142857142857142
0.2,spatial_8,8,6,7,14,0,0.0
0.2,spatial_8,8,7,0,5,0,0.0
0.2,spatial_8,8,7,1,5,0,0.0
0.2,spatial_8,8,7,2,5,0,0.0
0.2,spatial_8,8,7,3,5,0,0.0
0.2,spatial_8,8,7,4,5,0,0.0
0.2,spatial_8,8,7,5,5,0,0.0
0.2,spatial_8,8,7,6,5,1,0.2
0.2,spatial_8,8,7,7,5,0,0.0
0.2,spatial_16,16,0,0,6,0,0.0
0.2,spatial_16,16,0,1,6,0,0.0
0.2,spatial_16,16,0,2,6,0,0.0
0.2,spatial_16,16,0,3,6,0,0.0
0.2,spatial_16,16,0,4,6,0,0.0
0.2,spatial_16,16,0,5,6,0,0.0
0.2,spatial_16,16,0,6,6,0,0.0
0.2,spatial_16,16,0,7,6,0,0.0
0.2,spatial_16,16,0,8,6,0,0.0
0.2,spatial_16,16,0,9,6,0,0.0
0.2,spatial_16,16,0,10,6,0,0.0
0.2,spatial_16,16,0,11,6,0,0.0
0.2,spatial_16,16,0,12,6,0,0.0
0.2,spatial_16,16,0,13,6,0,0.0
0.2,spatial_16,16,0,14,6,0,0.0
0.2,spatial_16,16,0,15,6,0,0.0
0.2,spatial_16,16,1,0,11,0,0.0
0.2,spatial_16,16,1,1,11,0,0.0
0.2,spatial_16,16,1,2,11,0,0.0
0.2,spatial_16,16,1,3,11,0,0.0
0.2,spatial_16,16,1,4,11,0,0.0
0.2,spatial_16,16,1,5,11,0,0.0
0.2,spatial_16,16,1,6,11,0,0.0
0.2,spatial_16,16,1,7,11,0,0.0
0.2,spatial_16,16,1,8,11,0,0.0
0.2,spatial_16,16,1,9,11,0,0.0
0.2,spatial_16,16,1,10,11,0,0.0
0.2,spatial_16,16,1,11,11,0,0.0
0.2,spatial_16,16,1,12,11,0,0.0
0.2,spatial_16,16,1,13,11,0,0.0
0.2,spatial_16,16,1,14,11,0,0.0
0.2,spatial_16,16,1,15,11,0,0.0
0.2,spatial_16,16,2,0,5,0,0.0
0.2,spatial_16,16,2,1,5,0,0.0
0.2,spatial_16,16,2,2,5,0,0.0
0.2,spatial_16,16,2,3,5,0,0.0
0.2,spatial_16,16,2,4,5,0,0.0
0.2,spatial_16,16,2,5,5,0,0.0
0.2,spatial_16,16,2,6,5,0,0.0
0.2,spatial_16,16,2,7,5,0,0.0
0.2,spatial_16,16,2,8,5,0,0.0
0.2,spatial_16,16,2,9,5,0,0.0
0.2,spatial_16,16,2,10,5,0,0.0
0.2,spatial_16,16,2,11,5,0,0.0
0.2,spatial_16,16,2,12,5,0,0.0
0.2,spatial_16,16,2,13,5,0,0.0
0.2,spatial_16,16,2,14,5,0,0.0
0.2,spatial_16,16,2,15,5,0,0.0
0.2,spatial_16,16,3,0,5,0,0.0
0.2,spatial_16,16,3,1,5,0,0.0
0.2,spatial_16,16,3,2,5,0,0.0
0.2,spatial_16,16,3,3,5,0,0.0
0.2,spatial_16,16,3,4,5,0,0.0
0.2,spatial_16,16,3,5,5,0,0.0
0.2,spatial_16,16,3,6,5,0,0.0
0.2,spatial_16,16,3,7,5,0,0.0
0.2,spatial_16,16,3,8,5,0,0.0
0.2,spatial_16,16,3,9,5,0,0.0
0.2,spatial_16,16,3,10,5,0,0.0
0.2,spatial_16,16,3,11,5,0,0.0
0.2,spatial_16,16,3,12,5,0,0.0
0.2,spatial_16,16,3,13,5,0,0.0
0.2,spatial_16,16,3,14,5,0,0.0
0.2,spatial_16,16,3,15,5,0,0.0
0.2,spatial_16,16,4,0,9,0,0.0
0.2,spatial_16,16,4,1,9,0,0.0
0.2,spatial_16,16,4,2,9,0,0.0
0.2,spatial_16,16,4,3,9,0,0.0
0.2,spatial_16,16,4,4,9,1,0.1111111111111111
0.2,spatial_16,16,4,5,9,0,0.0
0.2,spatial_16,16,4,6,9,0,0.0
0.2,spatial_16,16,4,7,9,0,0.0
0.2,spatial_16,16,4,8,9,0,0.0
0.2,spatial_16,16,4,9,9,0,0.0
0.2,spatial_16,16,4,10,9,0,0.0
0.2,spatial_16,16,4,11,9,0,0.0
0.2,spatial_16,16,4,12,9,0,0.0
0.2,spatial_16,16,4,13,9,0,0.0
0.2,spatial_16,16,4,14,9,0,0.0
0.2,spatial_16,16,4,15,9,0,0.0
0.2,spatial_16,16,5,0,3,0,0.0
0.2,spatial_16,16,5,1,3,0,0.0
0.2,spatial_16,16,5,2,3,0,0.0
0.2,spatial_16,16,5,3,3,0,0.0
0.2,spatial_16,16,5,4,3,0,0.0
0.2,spatial_16,16,5,5,3,0,0.0
0.2,spatial_16,16,5,6,3,0,0.0
0.2,spatial_16,16,5,7,3,0,0.0
0.2,spatial_16,16,5,8,3,0,0.0
0.2,spatial_16,16,5,9,3,0,0.0
0.2,spatial_16,16,5,10,3,0,0.0
0.2,spatial_16,16,5,11,3,0,0.0
0.2,spatial_16,16,5,12,3,0,0.0
0.2,spatial_16,16,5,13,3,0,0.0
0.2,spatial_16,16,5,14,3,0,0.0
0.2,spatial_16,16,5,15,3,0,0.0
0.2,spatial_16,16,6,0,2,0,0.0
0.2,spatial_16,16,6,1,2,0,0.0
0.2,spatial_16,16,6,2,2,0,0.0
0.2,spatial_16,16,6,3,2,0,0.0
0.2,spatial_16,16,6,4,2,0,0.0
0.2,spatial_16,16,6,5,2,0,0.0
0.2,spatial_16,16,6,6,2,0,0.0
0.2,spatial_16,16,6,7,2,0,0.0
0.2,spatial_16,16,6,8,2,0,0.0
0.2,spatial_16,16,6,9,2,0,0.0
0.2,spatial_16,16,6,10,2,0,0.0
0.2,spatial_16,16,6,11,2,0,0.0
0.2,spatial_16,16,6,12,2,0,0.0
0.2,spatial_16,16,6,13,2,0,0.0
0.2,spatial_16,16,6,14,2,0,0.0
0.2,spatial_16,16,6,15,2,0,0.0
0.2,spatial_16,16,7,0,9,0,0.0
0.2,spatial_16,16,7,1,9,0,0.0
0.2,spatial_16,16,7,2,9,0,0.0
0.2,spatial_16,16,7,3,9,0,0.0
0.2,spatial_16,16,7,4,9,0,0.0
0.2,spatial_16,16,7,5,9,0,0.0
0.2,spatial_16,16,7,6,9,0,0.0
0.2,spatial_16,16,7,7,9,1,0.1111111111111111
0.2,spatial_16,16,7,8,9,0,0.0
0.2,spatial_16,16,7,9,9,0,0.0
0.2,spatial_16,16,7,10,9,0,0.0
0.2,spatial_16,16,7,11,9,0,0.0
0.2,spatial_16,16,7,12,9,0,0.0
0.2,spatial_16,16,7,13,9,0,0.0
0.2,spatial_16,16,7,14,9,0,0.0
0.2,spatial_16,16,7,15,9,0,0.0
0.2,spatial_16,16,8,0,4,0,0.0
0.2,spatial_16,16,8,1,4,0,0.0
0.2,spatial_16,16,8,2,4,0,0.0
0.2,spatial_16,16,8,3,4,0,0.0
0.2,spatial_16,16,8,4,4,0,0.0
0.2,spatial_16,16,8,5,4,0,0.0
0.2,spatial_16,16,8,6,4,0,0.0
0.2,spatial_16,16,8,7,4,1,0.25
0.2,spatial_16,16,8,8,4,0,0.0
0.2,spatial_16,16,8,9,4,0,0.0
0.2,spatial_16,16,8,10,4,0,0.0
0.2,spatial_16,16,8,11,4,0,0.0
0.2,spatial_16,16,8,12,4,0,0.0
0.2,spatial_16,16,8,13,4,0,0.0
0.2,spatial_16,16,8,14,4,0,0.0
0.2,spatial_16,16,8,15,4,0,0.0
0.2,spatial_16,16,9,0,6,0,0.0
0.2,spatial_16,16,9,1,6,0,0.0
0.2,spatial_16,16,9,2,6,0,0.0
0.2,spatial_16,16,9,3,6,0,0.0
0.2,spatial_16,16,9,4,6,0,0.0
0.2,spatial_16,16,9,5,6,0,0.0
0.2,spatial_16,16,9,6,6,0,0.0
0.2,spatial_16,16,9,7,6,0,0.0
0.2,spatial_16,16,9,8,6,2,0.3333333333333333
0.2,spatial_16,16,9,9,6,1,0.16666666666666666
0.2,spatial_16,16,9,10,6,0,0.0
0.2,spatial_16,16,9,11,6,0,0.0
0.2,spatial_16,16,9,12,6,0,0.0
0.2,spatial_16,16,9,13,6,0,0.0
0.2,spatial_16,16,9,14,6,0,0.0
0.2,spatial_16,16,9,15,6,0,0.0
0.2,spatial_16,16,10,0,10,0,0.0
0.2,spatial_16,16,10,1,10,0,0.0
0.2,spatial_16,16,10,2,10,0,0.0
0.2,spatial_16,16,10,3,10,0,0.0
0.2,spatial_16,16,10,4,10,0,0.0
0.2,spatial_16,16,10,5,10,0,0.0
0.2,spatial_16,16,10,6,10,0,0.0
0.2,spatial_16,16,10,7,10,0,0.0
0.2,spatial_16,16,10,8,10,0,0.0
0.2,spatial_16,16,10,9,10,1,0.1
0.2,spatial_16,16,10,10,10,1,0.1
0.2,spatial_16,16,10,11,10,0,0.0
0.2,spatial_16,16,10,12,10,0,0.0
0.2,spatial_16,16,10,13,10,0,0.0
0.2,spatial_16,16,10,14,10,0,0.0
0.2,spatial_16,16,10,15,10,0,0.0
0.2,spatial_16,16,11,0,9,0,0.0
0.2,spatial_16,16,11,1,9,0,0.0
0.2,spatial_16,16,11,2,9,0,0.0
0.2,spatial_16,16,11,3,9,0,0.0
0.2,spatial_16,16,11,4,9,0,0.0
0.2,spatial_16,16,11,5,9,0,0.0
0.2,spatial_16,16,11,6,9,0,0.0
0.2,spatial_16,16,11,7,9,0,0.0
0.2,spatial_16,16,11,8,9,0,0.0
0.2,spatial_16,16,11,9,9,0,0.0
0.2,spatial_16,16,11,10,9,4,0.4444444444444444
0.2,spatial_16,16,11,11,9,0,0.0
0.2,spatial_16,16,11,12,9,0,0.0
0.2,spatial_16,16,11,13,9,0,0.0
0.2,spatial_16,16,11,14,9,0,0.0
0.2,spatial_16,16,11,15,9,0,0.0
0.2,spatial_16,16,12,0,7,0,0.0
0.2,spatial_16,16,12,1,7,0,0.0
0.2,spatial_16,16,12,2,7,0,0.0
0.2,spatial_16,16,12,3,7,0,0.0
0.2,spatial_16,16,12,4,7,0,0.0
0.2,spatial_16,16,12,5,7,0,0.0
0.2,spatial_16,16,12,6,7,0,0.0
0.2,spatial_16,16,12,7,7,0,0.0
0.2,spatial_16,16,12,8,7,0,0.0
0.2,spatial_16,16,12,9,7,0,0.0
0.2,spatial_16,16,12,10,7,0,0.0
0.2,spatial_16,16,12,11,7,2,0.2857142857142857
0.2,spatial_16,16,12,12,7,0,0.0
0.2,spatial_16,16,12,13,7,0,0.0
0.2,spatial_16,16,12,14,7,0,0.0
0.2,spatial_16,16,12,15,7,0,0.0
0.2,spatial_16,16,13,0,7,0,0.0
0.2,spatial_16,16,13,1,7,0,0.0
0.2,spatial_16,16,13,2,7,0,0.0
0.2,spatial_16,16,13,3,7,0,0.0
0.2,spatial_16,16,13,4,7,0,0.0
0.2,spatial_16,16,13,5,7,0,0.0
0.2,spatial_16,16,13,6,7,0,0.0
0.2,spatial_16,16,13,7,7,0,0.0
0.2,spatial_16,16,13,8,7,0,0.0
0.2,spatial_16,16,13,9,7,0,0.0
0.2,spatial_16,16,13,10,7,0,0.0
0.2,spatial_16,16,13,11,7,0,0.0
0.2,spatial_16,16,13,12,7,0,0.0
0.2,spatial_16,16,13,13,7,1,0.14285714285714285
0.2,spatial_16,16,13,14,7,0,0.0
0.2,spatial_16,16,13,15,7,0,0.0
0.2,spatial_16,16,14,0,5,0,0.0
0.2,spatial_16,16,14,1,5,0,0.0
0.2,spatial_16,16,14,2,5,0,0.0
0.2,spatial_16,16,14,3,5,0,0.0
0.2,spatial_16,16,14,4,5,0,0.0
0.2,spatial_16,16,14,5,5,0,0.0
0.2,spatial_16,16,14,6,5,0,0.0
0.2,spatial_16,16,14,7,5,0,0.0
0.2,spatial_16,16,14,8,5,0,0.0
0.2,spatial_16,16,14,9,5,0,0.0
0.2,spatial_16,16,14,10,5,0,0.0
0.2,spatial_16,16,14,11,5,0,0.0
0.2,spatial_16,16,14,12,5,0,0.0
0.2,spatial_16,16,14,13,5,1,0.2
0.2,spatial_16,16,14,14,5,0,0.0
0.2,spatial_16,16,14,15,5,0,0.0
0.2,spatial_16,16,15,0,0,0,0.0
0.2,spatial_16,16,15,1,0,0,0.0
0.2,spatial_16,16,15,2,0,0,0.0
0.2,spatial_16,16,15,3,0,0,0.0
0.2,spatial_16,16,15,4,0,0,0.0
0.2,spatial_16,16,15,5,0,0,0.0
0.2,spatial_16,16,15,6,0,0,0.0
0.2,spatial_16,16,15,7,0,0,0.0
0.2,spatial_16,16,15,8,0,0,0.0
0.2,spatial_16,16,15,9,0,0,0.0
0.2,spatial_16,16,15,10,0,0,0.0
0.2,spatial_16,16,15,11,0,0,0.0
0.2,spatial_16,16,15,12,0,0,0.0
0.2,spatial_16,16,15,13,0,0,0.0
0.2,spatial_16,16,15,14,0,0,0.0
0.2,spatial_16,16,15,15,0,0,0.0
0.2,root_gate_control,16,0,0,6,0,0.0
0.2,root_gate_control,16,0,1,6,0,0.0
0.2,root_gate_control,16,0,2,6,0,0.0
0.2,root_gate_control,16,0,3,6,0,0.0
0.2,root_gate_control,16,0,4,6,0,0.0
0.2,root_gate_control,16,0,5,6,0,0.0
0.2,root_gate_control,16,0,6,6,0,0.0
0.2,root_gate_control,16,0,7,6,0,0.0
0.2,root_gate_control,16,0,8,6,0,0.0
0.2,root_gate_control,16,0,9,6,0,0.0
0.2,root_gate_control,16,0,10,6,0,0.0
0.2,root_gate_control,16,0,11,6,0,0.0
0.2,root_gate_control,16,0,12,6,0,0.0
0.2,root_gate_control,16,0,13,6,0,0.0
0.2,root_gate_control,16,0,14,6,0,0.0
0.2,root_gate_control,16,0,15,6,0,0.0
0.2,root_gate_control,16,1,0,7,0,0.0
0.2,root_gate_control,16,1,1,7,0,0.0
0.2,root_gate_control,16,1,2,7,0,0.0
0.2,root_gate_control,16,1,3,7,0,0.0
0.2,root_gate_control,16,1,4,7,0,0.0
0.2,root_gate_control,16,1,5,7,0,0.0
0.2,root_gate_control,16,1,6,7,0,0.0
0.2,root_gate_control,16,1,7,7,0,0.0
0.2,root_gate_control,16,1,8,7,0,0.0
0.2,root_gate_control,16,1,9,7,0,0.0
0.2,root_gate_control,16,1,10,7,0,0.0
0.2,root_gate_control,16,1,11,7,0,0.0
0.2,root_gate_control,16,1,12,7,0,0.0
0.2,root_gate_control,16,1,13,7,0,0.0
0.2,root_gate_control,16,1,14,7,0,0.0
0.2,root_gate_control,16,1,15,7,0,0.0
0.2,root_gate_control,16,2,0,4,0,0.0
0.2,root_gate_control,16,2,1,4,0,0.0
0.2,root_gate_control,16,2,2,4,0,0.0
0.2,root_gate_control,16,2,3,4,0,0.0
0.2,root_gate_control,16,2,4,4,0,0.0
0.2,root_gate_control,16,2,5,4,0,0.0
0.2,root_gate_control,16,2,6,4,0,0.0
0.2,root_gate_control,16,2,7,4,0,0.0
0.2,root_gate_control,16,2,8,4,0,0.0
0.2,root_gate_control,16,2,9,4,0,0.0
0.2,root_gate_control,16,2,10,4,0,0.0
0.2,root_gate_control,16,2,11,4,0,0.0
0.2,root_gate_control,16,2,12,4,0,0.0
0.2,root_gate_control,16,2,13,4,0,0.0
0.2,root_gate_control,16,2,14,4,0,0.0
0.2,root_gate_control,16,2,15,4,0,0.0
0.2,root_gate_control,16,3,0,5,0,0.0
0.2,root_gate_control,16,3,1,5,0,0.0
0.2,root_gate_control,16,3,2,5,0,0.0
0.2,root_gate_control,16,3,3,5,0,0.0
0.2,root_gate_control,16,3,4,5,0,0.0
0.2,root_gate_control,16,3,5,5,0,0.0
0.2,root_gate_control,16,3,6,5,0,0.0
0.2,root_gate_control,16,3,7,5,0,0.0
0.2,root_gate_control,16,3,8,5,0,0.0
0.2,root_gate_control,16,3,9,5,0,0.0
0.2,root_gate_control,16,3,10,5,0,0.0
0.2,root_gate_control,16,3,11,5,0,0.0
0.2,root_gate_control,16,3,12,5,0,0.0
0.2,root_gate_control,16,3,13,5,0,0.0
0.2,root_gate_control,16,3,14,5,0,0.0
0.2,root_gate_control,16,3,15,5,0,0.0
0.2,root_gate_control,16,4,0,5,0,0.0
0.2,root_gate_control,16,4,1,5,0,0.0
0.2,root_gate_control,16,4,2,5,0,0.0
0.2,root_gate_control,16,4,3,5,0,0.0
0.2,root_gate_control,16,4,4,5,0,0.0
0.2,root_gate_control,16,4,5,5,0,0.0
0.2,root_gate_control,16,4,6,5,0,0.0
0.2,root_gate_control,16,4,7,5,0,0.0
0.2,root_gate_control,16,4,8,5,0,0.0
0.2,root_gate_control,16,4,9,5,0,0.0
0.2,root_gate_control,16,4,10,5,0,0.0
0.2,root_gate_control,16,4,11,5,0,0.0
0.2,root_gate_control,16,4,12,5,0,0.0
0.2,root_gate_control,16,4,13,5,0,0.0
0.2,root_gate_control,16,4,14,5,0,0.0
0.2,root_gate_control,16,4,15,5,0,0.0
0.2,root_gate_control,16,5,0,9,0,0.0
0.2,root_gate_control,16,5,1,9,0,0.0
0.2,root_gate_control,16,5,2,9,0,0.0
0.2,root_gate_control,16,5,3,9,0,0.0
0.2,root_gate_control,16,5,4,9,0,0.0
0.2,root_gate_control,16,5,5,9,1,0.1111111111111111
0.2,root_gate_control,16,5,6,9,0,0.0
0.2,root_gate_control,16,5,7,9,0,0.0
0.2,root_gate_control,16,5,8,9,0,0.0
0.2,root_gate_control,16,5,9,9,0,0.0
0.2,root_gate_control,16,5,10,9,0,0.0
0.2,root_gate_control,16,5,11,9,0,0.0
0.2,root_gate_control,16,5,12,9,0,0.0
0.2,root_gate_control,16,5,13,9,0,0.0
0.2,root_gate_control,16,5,14,9,0,0.0
0.2,root_gate_control,16,5,15,9,0,0.0
0.2,root_gate_control,16,6,0,3,0,0.0
0.2,root_gate_control,16,6,1,3,0,0.0
0.2,root_gate_control,16,6,2,3,0,0.0
0.2,root_gate_control,16,6,3,3,0,0.0
0.2,root_gate_control,16,6,4,3,0,0.0
0.2,root_gate_control,16,6,5,3,0,0.0
0.2,root_gate_control,16,6,6,3,0,0.0
0.2,root_gate_control,16,6,7,3,0,0.0
0.2,root_gate_control,16,6,8,3,0,0.0
0.2,root_gate_control,16,6,9,3,0,0.0
0.2,root_gate_control,16,6,10,3,0,0.0
0.2,root_gate_control,16,6,11,3,0,0.0
0.2,root_gate_control,16,6,12,3,0,0.0
0.2,root_gate_control,16,6,13,3,0,0.0
0.2,root_gate_control,16,6,14,3,0,0.0
0.2,root_gate_control,16,6,15,3,0,0.0
0.2,root_gate_control,16,7,0,2,0,0.0
0.2,root_gate_control,16,7,1,2,0,0.0
0.2,root_gate_control,16,7,2,2,0,0.0
0.2,root_gate_control,16,7,3,2,0,0.0
0.2,root_gate_control,16,7,4,2,0,0.0
0.2,root_gate_control,16,7,5,2,0,0.0
0.2,root_gate_control,16,7,6,2,0,0.0
0.2,root_gate_control,16,7,7,2,0,0.0
0.2,root_gate_control,16,7,8,2,0,0.0
0.2,root_gate_control,16,7,9,2,0,0.0
0.2,root_gate_control,16,7,10,2,0,0.0
0.2,root_gate_control,16,7,11,2,0,0.0
0.2,root_gate_control,16,7,12,2,0,0.0
0.2,root_gate_control,16,7,13,2,0,0.0
0.2,root_gate_control,16,7,14,2,0,0.0
0.2,root_gate_control,16,7,15,2,0,0.0
0.2,root_gate_control,16,8,0,8,0,0.0
0.2,root_gate_control,16,8,1,8,0,0.0
0.2,root_gate_control,16,8,2,8,0,0.0
0.2,root_gate_control,16,8,3,8,0,0.0
0.2,root_gate_control,16,8,4,8,0,0.0
0.2,root_gate_control,16,8,5,8,0,0.0
0.2,root_gate_control,16,8,6,8,0,0.0
0.2,root_gate_control,16,8,7,8,0,0.0
0.2,root_gate_control,16,8,8,8,1,0.125
0.2,root_gate_control,16,8,9,8,0,0.0
0.2,root_gate_control,16,8,10,8,0,0.0
0.2,root_gate_control,16,8,11,8,0,0.0
0.2,root_gate_control,16,8,12,8,0,0.0
0.2,root_gate_control,16,8,13,8,0,0.0
0.2,root_gate_control,16,8,14,8,0,0.0
0.2,root_gate_control,16,8,15,8,0,0.0
0.2,root_gate_control,16,9,0,3,0,0.0
0.2,root_gate_control,16,9,1,3,0,0.0
0.2,root_gate_control,16,9,2,3,0,0.0
0.2,root_gate_control,16,9,3,3,0,0.0
0.2,root_gate_control,16,9,4,3,0,0.0
0.2,root_gate_control,16,9,5,3,0,0.0
0.2,root_gate_control,16,9,6,3,0,0.0
0.2,root_gate_control,16,9,7,3,0,0.0
0.2,root_gate_control,16,9,8,3,0,0.0
0.2,root_gate_control,16,9,9,3,1,0.3333333333333333
0.2,root_gate_control,16,9,10,3,0,0.0
0.2,root_gate_control,16,9,11,3,0,0.0
0.2,root_gate_control,16,9,12,3,0,0.0
0.2,root_gate_control,16,9,13,3,0,0.0
0.2,root_gate_control,16,9,14,3,0,0.0
0.2,root_gate_control,16,9,15,3,0,0.0
0.2,root_gate_control,16,10,0,6,0,0.0
0.2,root_gate_control,16,10,1,6,0,0.0
0.2,root_gate_control,16,10,2,6,0,0.0
0.2,root_gate_control,16,10,3,6,0,0.0
0.2,root_gate_control,16,10,4,6,0,0.0
0.2,root_gate_control,16,10,5,6,0,0.0
0.2,root_gate_control,16,10,6,6,0,0.0
0.2,root_gate_control,16,10,7,6,0,0.0
0.2,root_gate_control,16,10,8,6,0,0.0
0.2,root_gate_control,16,10,9,6,0,0.0
0.2,root_gate_control,16,10,10,6,2,0.3333333333333333
0.2,root_gate_control,16,10,11,6,0,0.0
0.2,root_gate_control,16,10,12,6,0,0.0
0.2,root_gate_control,16,10,13,6,0,0.0
0.2,root_gate_control,16,10,14,6,0,0.0
0.2,root_gate_control,16,10,15,6,0,0.0
0.2,root_gate_control,16,11,0,7,0,0.0
0.2,root_gate_control,16,11,1,7,0,0.0
0.2,root_gate_control,16,11,2,7,0,0.0
0.2,root_gate_control,16,11,3,7,0,0.0
0.2,root_gate_control,16,11,4,7,0,0.0
0.2,root_gate_control,16,11,5,7,0,0.0
0.2,root_gate_control,16,11,6,7,0,0.0
0.2,root_gate_control,16,11,7,7,0,0.0
0.2,root_gate_control,16,11,8,7,0,0.0
0.2,root_gate_control,16,11,9,7,0,0.0
0.2,root_gate_control,16,11,10,7,0,0.0
0.2,root_gate_control,16,11,11,7,2,0.2857142857142857
0.2,root_gate_control,16,11,12,7,0,0.0
0.2,root_gate_control,16,11,13,7,0,0.0
0.2,root_gate_control,16,11,14,7,0,0.0
0.2,root_gate_control,16,11,15,7,0,0.0
0.2,root_gate_control,16,12,0,12,0,0.0
0.2,root_gate_control,16,12,1,12,0,0.0
0.2,root_gate_control,16,12,2,12,0,0.0
0.2,root_gate_control,16,12,3,12,0,0.0
0.2,root_gate_control,16,12,4,12,0,0.0
0.2,root_gate_control,16,12,5,12,0,0.0
0.2,root_gate_control,16,12,6,12,0,0.0
0.2,root_gate_control,16,12,7,12,0,0.0
0.2,root_gate_control,16,12,8,12,0,0.0
0.2,root_gate_control,16,12,9,12,0,0.0
0.2,root_gate_control,16,12,10,12,0,0.0
0.2,root_gate_control,16,12,11,12,0,0.0
0.2,root_gate_control,16,12,12,12,5,0.4166666666666667
0.2,root_gate_control,16,12,13,12,0,0.0
0.2,root_gate_control,16,12,14,12,0,0.0
0.2,root_gate_control,16,12,15,12,0,0.0
0.2,root_gate_control,16,13,0,9,0,0.0
0.2,root_gate_control,16,13,1,9,0,0.0
0.2,root_gate_control,16,13,2,9,0,0.0
0.2,root_gate_control,16,13,3,9,0,0.0
0.2,root_gate_control,16,13,4,9,0,0.0
0.2,root_gate_control,16,13,5,9,0,0.0
0.2,root_gate_control,16,13,6,9,0,0.0
0.2,root_gate_control,16,13,7,9,0,0.0
0.2,root_gate_control,16,13,8,9,0,0.0
0.2,root_gate_control,16,13,9,9,0,0.0
0.2,root_gate_control,16,13,10,9,0,0.0
0.2,root_gate_control,16,13,11,9,0,0.0
0.2,root_gate_control,16,13,12,9,0,0.0
0.2,root_gate_control,16,13,13,9,2,0.2222222222222222
0.2,root_gate_control,16,13,14,9,0,0.0
0.2,root_gate_control,16,13,15,9,0,0.0
0.2,root_gate_control,16,14,0,4,0,0.0
0.2,root_gate_control,16,14,1,4,0,0.0
0.2,root_gate_control,16,14,2,4,0,0.0
0.2,root_gate_control,16,14,3,4,0,0.0
0.2,root_gate_control,16,14,4,4,0,0.0
0.2,root_gate_control,16,14,5,4,0,0.0
0.2,root_gate_control,16,14,6,4,0,0.0
0.2,root_gate_control,16,14,7,4,0,0.0
0.2,root_gate_control,16,14,8,4,0,0.0
0.2,root_gate_control,16,14,9,4,0,0.0
0.2,root_gate_control,16,14,10,4,0,0.0
0.2,root_gate_control,16,14,11,4,0,0.0
0.2,root_gate_control,16,14,12,4,0,0.0
0.2,root_gate_control,16,14,13,4,0,0.0
0.2,root_gate_control,16,14,14,4,0,0.0
0.2,root_gate_control,16,14,15,4,0,0.0
0.2,root_gate_control,16,15,0,8,0,0.0
0.2,root_gate_control,16,15,1,8,0,0.0
0.2,root_gate_control,16,15,2,8,0,0.0
0.2,root_gate_control,16,15,3,8,0,0.0
0.2,root_gate_control,16,15,4,8,0,0.0
0.2,root_gate_control,16,15,5,8,0,0.0
0.2,root_gate_control,16,15,6,8,0,0.0
0.2,root_gate_control,16,15,7,8,0,0.0
0.2,root_gate_control,16,15,8,8,0,0.0
0.2,root_gate_control,16,15,9,8,0,0.0
0.2,root_gate_control,16,15,10,8,0,0.0
0.2,root_gate_control,16,15,11,8,0,0.0
0.2,root_gate_control,16,15,12,8,0,0.0
0.2,root_gate_control,16,15,13,8,0,0.0
0.2,root_gate_control,16,15,14,8,0,0.0
0.2,root_gate_control,16,15,15,8,2,0.25
0.3,scalar,1,0,0,179,88,0.49162011173184356
0.3,severity_SR,2,0,0,66,13,0.19696969696969696
0.3,severity_SR,2,0,1,66,40,0.6060606060606061
0.3,severity_SR,2,1,0,113,0,0.0
0.3,severity_SR,2,1,1,113,35,0.30973451327433627
0.3,spatial_4,4,0,0,51,20,0.39215686274509803
0.3,spatial_4,4,0,1,51,0,0.0
0.3,spatial_4,4,0,2,51,0,0.0
0.3,spatial_4,4,0,3,51,0,0.0
0.3,spatial_4,4,1,0,45,1,0.022222222222222223
0.3,spatial_4,4,1,1,45,17,0.37777777777777777
0.3,spatial_4,4,1,2,45,2,0.044444444444444446
0.3,spatial_4,4,1,3,45,0,0.0
0.3,spatial_4,4,2,0,52,0,0.0
0.3,spatial_4,4,2,1,52,5,0.09615384615384616
0.3,spatial_4,4,2,2,52,27,0.5192307692307693
0.3,spatial_4,4,2,3,52,0,0.0
0.3,spatial_4,4,3,0,31,0,0.0
0.3,spatial_4,4,3,1,31,0,0.0
0.3,spatial_4,4,3,2,31,5,0.16129032258064516
0.3,spatial_4,4,3,3,31,11,0.3548387096774194
0.3,spatial_8,8,0,0,26,7,0.2692307692307692
0.3,spatial_8,8,0,1,26,0,0.0
0.3,spatial_8,8,0,2,26,0,0.0
0.3,spatial_8,8,0,3,26,0,0.0
0.3,spatial_8,8,0,4,26,0,0.0
0.3,spatial_8,8,0,5,26,0,0.0
0.3,spatial_8,8,0,6,26,0,0.0
0.3,spatial_8,8,0,7,26,0,0.0
0.3,spatial_8,8,1,0,25,1,0.04
0.3,spatial_8,8,1,1,25,12,0.48
0.3,spatial_8,8,1,2,25,0,0.0
0.3,spatial_8,8,1,3,25,0,0.0
0.3,spatial_8,8,1,4,25,0,0.0
0.3,spatial_8,8,1,5,25,0,0.0
0.3,spatial_8,8,1,6,25,0,0.0
0.3,spatial_8,8,1,7,25,0,0.0
0.3,spatial_8,8,2,0,23,0,0.0
0.3,spatial_8,8,2,1,23,1,0.043478260869565216
0.3,spatial_8,8,2,2,23,9,0.391304347826087
0.3,spatial_8,8,2,3,23,0,0.0
0.3,spatial_8,8,2,4,23,0,0.0
0.3,spatial_8,8,2,5,23,0,0.0
0.3,spatial_8,8,2,6,23,0,0.0
0.3,spatial_8,8,2,7,23,0,0.0
0.3,spatial_8,8,3,0,22,0,0.0
0.3,spatial_8,8,3,1,22,0,0.0
0.3,spatial_8,8,3,2,22,1,0.045454545454545456
0.3,spatial_8,8,3,3,22,7,0.3181818181818182
0.3,spatial_8,8,3,4,22,2,0.09090909090909091
0.3,spatial_8,8,3,5,22,0,0.0
0.3,spatial_8,8,3,6,22,0,0.0
0.3,spatial_8,8,3,7,22,0,0.0
0.3,spatial_8,8,4,0,22,0,0.0
0.3,spatial_8,8,4,1,22,0,0.0
0.3,spatial_8,8,4,2,22,0,0.0
0.3,spatial_8,8,4,3,22,5,0.22727272727272727
0.3,spatial_8,8,4,4,22,7,0.3181818181818182
0.3,spatial_8,8,4,5,22,0,0.0
0.3,spatial_8,8,4,6,22,0,0.0
0.3,spatial_8,8,4,7,22,0,0.0
0.3,spatial_8,8,5,0,30,0,0.0
0.3,spatial_8,8,5,1,30,0,0.0
0.3,spatial_8,8,5,2,30,0,0.0
0.3,spatial_8,8,5,3,30,0,0.0
0.3,spatial_8,8,5,4,30,7,0.23333333333333334
0.3,spatial_8,8,5,5,30,13,0.43333333333333335
0.3,spatial_8,8,5,6,30,0,0.0
0.3,spatial_8,8,5,7,30,0,0.0
0.3,spatial_8,8,6,0,26,0,0.0
0.3,spatial_8,8,6,1,26,0,0.0
0.3,spatial_8,8,6,2,26,0,0.0
0.3,spatial_8,8,6,3,26,0,0.0
0.3,spatial_8,8,6,4,26,0,0.0
0.3,spatial_8,8,6,5,26,5,0.19230769230769232
0.3,spatial_8,8,6,6,26,8,0.3076923076923077
0.3,spatial_8,8,6,7,26,0,0.0
0.3,spatial_8,8,7,0,5,0,0.0
0.3,spatial_8,8,7,1,5,0,0.0
0.3,spatial_8,8,7,2,5,0,0.0
0.3,spatial_8,8,7,3,5,0,0.0
0.3,spatial_8,8,7,4,5,0,0.0
0.3,spatial_8,8,7,5,5,0,0.0
0.3,spatial_8,8,7,6,5,3,0.6
0.3,spatial_8,8,7,7,5,0,0.0
0.3,spatial_16,16,0,0,10,2,0.2
0.3,spatial_16,16,0,1,10,0,0.0
0.3,spatial_16,16,0,2,10,0,0.0
0.3,spatial_16,16,0,3,10,0,0.0
0.3,spatial_16,16,0,4,10,0,0.0
0.3,spatial_16,16,0,5,10,0,0.0
0.3,spatial_16,16,0,6,10,0,0.0
0.3,spatial_16,16,0,7,10,0,0.0
0.3,spatial_16,16,0,8,10,0,0.0
0.3,spatial_16,16,0,9,10,0,0.0
0.3,spatial_16,16,0,10,10,0,0.0
0.3,spatial_16,16,0,11,10,0,0.0
0.3,spatial_16,16,0,12,10,0,0.0
0.3,spatial_16,16,0,13,10,0,0.0
0.3,spatial_16,16,0,14,10,0,0.0
0.3,spatial_16,16,0,15,10,0,0.0
0.3,spatial_16,16,1,0,16,3,0.1875
0.3,spatial_16,16,1,1,16,2,0.125
0.3,spatial_16,16,1,2,16,0,0.0
0.3,spatial_16,16,1,3,16,0,0.0
0.3,spatial_16,16,1,4,16,0,0.0
0.3,spatial_16,16,1,5,16,0,0.0
0.3,spatial_16,16,1,6,16,0,0.0
0.3,spatial_16,16,1,7,16,0,0.0
0.3,spatial_16,16,1,8,16,0,0.0
0.3,spatial_16,16,1,9,16,0,0.0
0.3,spatial_16,16,1,10,16,0,0.0
0.3,spatial_16,16,1,11,16,0,0.0
0.3,spatial_16,16,1,12,16,0,0.0
0.3,spatial_16,16,1,13,16,0,0.0
0.3,spatial_16,16,1,14,16,0,0.0
0.3,spatial_16,16,1,15,16,0,0.0
0.3,spatial_16,16,2,0,11,0,0.0
0.3,spatial_16,16,2,1,11,1,0.09090909090909091
0.3,spatial_16,16,2,2,11,4,0.36363636363636365
0.3,spatial_16,16,2,3,11,0,0.0
0.3,spatial_16,16,2,4,11,0,0.0
0.3,spatial_16,16,2,5,11,0,0.0
0.3,spatial_16,16,2,6,11,0,0.0
0.3,spatial_16,16,2,7,11,0,0.0
0.3,spatial_16,16,2,8,11,0,0.0
0.3,spatial_16,16,2,9,11,0,0.0
0.3,spatial_16,16,2,10,11,0,0.0
0.3,spatial_16,16,2,11,11,0,0.0
0.3,spatial_16,16,2,12,11,0,0.0
0.3,spatial_16,16,2,13,11,0,0.0
0.3,spatial_16,16,2,14,11,0,0.0
0.3,spatial_16,16,2,15,11,0,0.0
0.3,spatial_16,16,3,0,14,0,0.0
0.3,spatial_16,16,3,1,14,0,0.0
0.3,spatial_16,16,3,2,14,1,0.07142857142857142
0.3,spatial_16,16,3,3,14,7,0.5
0.3,spatial_16,16,3,4,14,0,0.0
0.3,spatial_16,16,3,5,14,0,0.0
0.3,spatial_16,16,3,6,14,0,0.0
0.3,spatial_16,16,3,7,14,0,0.0
0.3,spatial_16,16,3,8,14,0,0.0
0.3,spatial_16,16,3,9,14,0,0.0
0.3,spatial_16,16,3,10,14,0,0.0
0.3,spatial_16,16,3,11,14,0,0.0
0.3,spatial_16,16,3,12,14,0,0.0
0.3,spatial_16,16,3,13,14,0,0.0
0.3,spatial_16,16,3,14,14,0,0.0
0.3,spatial_16,16,3,15,14,0,0.0
0.3,spatial_16,16,4,0,18,0,0.0
0.3,spatial_16,16,4,1,18,0,0.0
0.3,spatial_16,16,4,2,18,0,0.0
0.3,spatial_16,16,4,3,18,1,0.05555555555555555
0.3,spatial_16,16,4,4,18,6,0.3333333333333333
0.3,spatial_16,16,4,5,18,0,0.0
0.3,spatial_16,16,4,6,18,0,0.0
0.3,spatial_16,16,4,7,18,0,0.0
0.3,spatial_16,16,4,8,18,0,0.0
0.3,spatial_16,16,4,9,18,0,0.0
0.3,spatial_16,16,4,10,18,0,0.0
0.3,spatial_16,16,4,11,18,0,0.0
0.3,spatial_16,16,4,12,18,0,0.0
0.3,spatial_16,16,4,13,18,0,0.0
0.3,spatial_16,16,4,14,18,0,0.0
0.3,spatial_16,16,4,15,18,0,0.0
0.3,spatial_16,16,5,0,5,0,0.0
0.3,spatial_16,16,5,1,5,0,0.0
0.3,spatial_16,16,5,2,5,0,0.0
0.3,spatial_16,16,5,3,5,0,0.0
0.3,spatial_16,16,5,4,5,2,0.4
0.3,spatial_16,16,5,5,5,1,0.2
0.3,spatial_16,16,5,6,5,0,0.0
0.3,spatial_16,16,5,7,5,0,0.0
0.3,spatial_16,16,5,8,5,0,0.0
0.3,spatial_16,16,5,9,5,0,0.0
0.3,spatial_16,16,5,10,5,0,0.0
0.3,spatial_16,16,5,11,5,0,0.0
0.3,spatial_16,16,5,12,5,0,0.0
0.3,spatial_16,16,5,13,5,0,0.0
0.3,spatial_16,16,5,14,5,0,0.0
0.3,spatial_16,16,5,15,5,0,0.0
0.3,spatial_16,16,6,0,6,0,0.0
0.3,spatial_16,16,6,1,6,0,0.0
0.3,spatial_16,16,6,2,6,0,0.0
0.3,spatial_16,16,6,3,6,0,0.0
0.3,spatial_16,16,6,4,6,0,0.0
0.3,spatial_16,16,6,5,6,1,0.16666666666666666
0.3,spatial_16,16,6,6,6,1,0.16666666666666666
0.3,spatial_16,16,6,7,6,0,0.0
0.3,spatial_16,16,6,8,6,0,0.0
0.3,spatial_16,16,6,9,6,0,0.0
0.3,spatial_16,16,6,10,6,0,0.0
0.3,spatial_16,16,6,11,6,0,0.0
0.3,spatial_16,16,6,12,6,0,0.0
0.3,spatial_16,16,6,13,6,0,0.0
0.3,spatial_16,16,6,14,6,0,0.0
0.3,spatial_16,16,6,15,6,0,0.0
0.3,spatial_16,16,7,0,16,0,0.0
0.3,spatial_16,16,7,1,16,0,0.0
0.3,spatial_16,16,7,2,16,0,0.0
0.3,spatial_16,16,7,3,16,0,0.0
0.3,spatial_16,16,7,4,16,0,0.0
0.3,spatial_16,16,7,5,16,0,0.0
0.3,spatial_16,16,7,6,16,3,0.1875
0.3,spatial_16,16,7,7,16,3,0.1875
0.3,spatial_16,16,7,8,16,2,0.125
0.3,spatial_16,16,7,9,16,0,0.0
0.3,spatial_16,16,7,10,16,0,0.0
0.3,spatial_16,16,7,11,16,0,0.0
0.3,spatial_16,16,7,12,16,0,0.0
0.3,spatial_16,16,7,13,16,0,0.0
0.3,spatial_16,16,7,14,16,0,0.0
0.3,spatial_16,16,7,15,16,0,0.0
0.3,spatial_16,16,8,0,11,0,0.0
0.3,spatial_16,16,8,1,11,0,0.0
0.3,spatial_16,16,8,2,11,0,0.0
0.3,spatial_16,16,8,3,11,0,0.0
0.3,spatial_16,16,8,4,11,0,0.0
0.3,spatial_16,16,8,5,11,0,0.0
0.3,spatial_16,16,8,6,11,0,0.0
0.3,spatial_16,16,8,7,11,5,0.45454545454545453
0.3,spatial_16,16,8,8,11,1,0.09090909090909091
0.3,spatial_16,16,8,9,11,0,0.0
0.3,spatial_16,16,8,10,11,0,0.0
0.3,spatial_16,16,8,11,11,0,0.0
0.3,spatial_16,16,8,12,11,0,0.0
0.3,spatial_16,16,8,13,11,0,0.0
0.3,spatial_16,16,8,14,11,0,0.0
0.3,spatial_16,16,8,15,11,0,0.0
0.3,spatial_16,16,9,0,11,0,0.0
0.3,spatial_16,16,9,1,11,0,0.0
0.3,spatial_16,16,9,2,11,0,0.0
0.3,spatial_16,16,9,3,11,0,0.0
0.3,spatial_16,16,9,4,11,0,0.0
0.3,spatial_16,16,9,5,11,0,0.0
0.3,spatial_16,16,9,6,11,0,0.0
0.3,spatial_16,16,9,7,11,0,0.0
0.3,spatial_16,16,9,8,11,5,0.45454545454545453
0.3,spatial_16,16,9,9,11,1,0.09090909090909091
0.3,spatial_16,16,9,10,11,0,0.0
0.3,spatial_16,16,9,11,11,0,0.0
0.3,spatial_16,16,9,12,11,0,0.0
0.3,spatial_16,16,9,13,11,0,0.0
0.3,spatial_16,16,9,14,11,0,0.0
0.3,spatial_16,16,9,15,11,0,0.0
0.3,spatial_16,16,10,0,16,0,0.0
0.3,spatial_16,16,10,1,16,0,0.0
0.3,spatial_16,16,10,2,16,0,0.0
0.3,spatial_16,16,10,3,16,0,0.0
0.3,spatial_16,16,10,4,16,0,0.0
0.3,spatial_16,16,10,5,16,0,0.0
0.3,spatial_16,16,10,6,16,0,0.0
0.3,spatial_16,16,10,7,16,0,0.0
0.3,spatial_16,16,10,8,16,0,0.0
0.3,spatial_16,16,10,9,16,7,0.4375
0.3,spatial_16,16,10,10,16,2,0.125
0.3,spatial_16,16,10,11,16,0,0.0
0.3,spatial_16,16,10,12,16,0,0.0
0.3,spatial_16,16,10,13,16,0,0.0
0.3,spatial_16,16,10,14,16,0,0.0
0.3,spatial_16,16,10,15,16,0,0.0
0.3,spatial_16,16,11,0,14,0,0.0
0.3,spatial_16,16,11,1,14,0,0.0
0.3,spatial_16,16,11,2,14,0,0.0
0.3,spatial_16,16,11,3,14,0,0.0
0.3,spatial_16,16,11,4,14,0,0.0
0.3,spatial_16,16,11,5,14,0,0.0
0.3,spatial_16,16,11,6,14,0,0.0
0.3,spatial_16,16,11,7,14,0,0.0
0.3,spatial_16,16,11,8,14,0,0.0
0.3,spatial_16,16,11,9,14,0,0.0
0.3,spatial_16,16,11,10,14,10,0.7142857142857143
0.3,spatial_16,16,11,11,14,1,0.07142857142857142
0.3,spatial_16,16,11,12,14,0,0.0
0.3,spatial_16,16,11,13,14,0,0.0
0.3,spatial_16,16,11,14,14,0,0.0
0.3,spatial_16,16,11,15,14,0,0.0
0.3,spatial_16,16,12,0,12,0,0.0
0.3,spatial_16,16,12,1,12,0,0.0
0.3,spatial_16,16,12,2,12,0,0.0
0.3,spatial_16,16,12,3,12,0,0.0
0.3,spatial_16,16,12,4,12,0,0.0
0.3,spatial_16,16,12,5,12,0,0.0
0.3,spatial_16,16,12,6,12,0,0.0
0.3,spatial_16,16,12,7,12,0,0.0
0.3,spatial_16,16,12,8,12,0,0.0
0.3,spatial_16,16,12,9,12,0,0.0
0.3,spatial_16,16,12,10,12,0,0.0
0.3,spatial_16,16,12,11,12,5,0.4166666666666667
0.3,spatial_16,16,12,12,12,0,0.0
0.3,spatial_16,16,12,13,12,0,0.0
0.3,spatial_16,16,12,14,12,0,0.0
0.3,spatial_16,16,12,15,12,0,0.0
0.3,spatial_16,16,13,0,14,0,0.0
0.3,spatial_16,16,13,1,14,0,0.0
0.3,spatial_16,16,13,2,14,0,0.0
0.3,spatial_16,16,13,3,14,0,0.0
0.3,spatial_16,16,13,4,14,0,0.0
0.3,spatial_16,16,13,5,14,0,0.0
0.3,spatial_16,16,13,6,14,0,0.0
0.3,spatial_16,16,13,7,14,0,0.0
0.3,spatial_16,16,13,8,14,0,0.0
0.3,spatial_16,16,13,9,14,0,0.0
0.3,spatial_16,16,13,10,14,0,0.0
0.3,spatial_16,16,13,11,14,0,0.0
0.3,spatial_16,16,13,12,14,6,0.42857142857142855
0.3,spatial_16,16,13,13,14,2,0.14285714285714285
0.3,spatial_16,16,13,14,14,0,0.0
0.3,spatial_16,16,13,15,14,0,0.0
0.3,spatial_16,16,14,0,5,0,0.0
0.3,spatial_16,16,14,1,5,0,0.0
0.3,spatial_16,16,14,2,5,0,0.0
0.3,spatial_16,16,14,3,5,0,0.0
0.3,spatial_16,16,14,4,5,0,0.0
0.3,spatial_16,16,14,5,5,0,0.0
0.3,spatial_16,16,14,6,5,0,0.0
0.3,spatial_16,16,14,7,5,0,0.0
0.3,spatial_16,16,14,8,5,0,0.0
0.3,spatial_16,16,14,9,5,0,0.0
0.3,spatial_16,16,14,10,5,0,0.0
0.3,spatial_16,16,14,11,5,0,0.0
0.3,spatial_16,16,14,12,5,0,0.0
0.3,spatial_16,16,14,13,5,3,0.6
0.3,spatial_16,16,14,14,5,0,0.0
0.3,spatial_16,16,14,15,5,0,0.0
0.3,spatial_16,16,15,0,0,0,0.0
0.3,spatial_16,16,15,1,0,0,0.0
0.3,spatial_16,16,15,2,0,0,0.0
0.3,spatial_16,16,15,3,0,0,0.0
0.3,spatial_16,16,15,4,0,0,0.0
0.3,spatial_16,16,15,5,0,0,0.0
0.3,spatial_16,16,15,6,0,0,0.0
0.3,spatial_16,16,15,7,0,0,0.0
0.3,spatial_16,16,15,8,0,0,0.0
0.3,spatial_16,16,15,9,0,0,0.0
0.3,spatial_16,16,15,10,0,0,0.0
0.3,spatial_16,16,15,11,0,0,0.0
0.3,spatial_16,16,15,12,0,0,0.0
0.3,spatial_16,16,15,13,0,0,0.0
0.3,spatial_16,16,15,14,0,0,0.0
0.3,spatial_16,16,15,15,0,0,0.0
0.3,root_gate_control,16,0,0,7,2,0.2857142857142857
0.3,root_gate_control,16,0,1,7,0,0.0
0.3,root_gate_control,16,0,2,7,0,0.0
0.3,root_gate_control,16,0,3,7,0,0.0
0.3,root_gate_control,16,0,4,7,0,0.0
0.3,root_gate_control,16,0,5,7,0,0.0
0.3,root_gate_control,16,0,6,7,0,0.0
0.3,root_gate_control,16,0,7,7,0,0.0
0.3,root_gate_control,16,0,8,7,0,0.0
0.3,root_gate_control,16,0,9,7,0,0.0
0.3,root_gate_control,16,0,10,7,0,0.0
0.3,root_gate_control,16,0,11,7,0,0.0
0.3,root_gate_control,16,0,12,7,0,0.0
0.3,root_gate_control,16,0,13,7,0,0.0
0.3,root_gate_control,16,0,14,7,0,0.0
0.3,root_gate_control,16,0,15,7,0,0.0
0.3,root_gate_control,16,1,0,12,0,0.0
0.3,root_gate_control,16,1,1,12,3,0.25
0.3,root_gate_control,16,1,2,12,0,0.0
0.3,root_gate_control,16,1,3,12,0,0.0
0.3,root_gate_control,16,1,4,12,0,0.0
0.3,root_gate_control,16,1,5,12,0,0.0
0.3,root_gate_control,16,1,6,12,0,0.0
0.3,root_gate_control,16,1,7,12,0,0.0
0.3,root_gate_control,16,1,8,12,0,0.0
0.3,root_gate_control,16,1,9,12,0,0.0
0.3,root_gate_control,16,1,10,12,0,0.0
0.3,root_gate_control,16,1,11,12,0,0.0
0.3,root_gate_control,16,1,12,12,0,0.0
0.3,root_gate_control,16,1,13,12,0,0.0
0.3,root_gate_control,16,1,14,12,0,0.0
0.3,root_gate_control,16,1,15,12,0,0.0
0.3,root_gate_control,16,2,0,6,0,0.0
0.3,root_gate_control,16,2,1,6,0,0.0
0.3,root_gate_control,16,2,2,6,2,0.3333333333333333
0.3,root_gate_control,16,2,3,6,0,0.0
0.3,root_gate_control,16,2,4,6,0,0.0
0.3,root_gate_control,16,2,5,6,0,0.0
0.3,root_gate_control,16,2,6,6,0,0.0
0.3,root_gate_control,16,2,7,6,0,0.0
0.3,root_gate_control,16,2,8,6,0,0.0
0.3,root_gate_control,16,2,9,6,0,0.0
0.3,root_gate_control,16,2,10,6,0,0.0
0.3,root_gate_control,16,2,11,6,0,0.0
0.3,root_gate_control,16,2,12,6,0,0.0
0.3,root_gate_control,16,2,13,6,0,0.0
0.3,root_gate_control,16,2,14,6,0,0.0
0.3,root_gate_control,16,2,15,6,0,0.0
0.3,root_gate_control,16,3,0,9,0,0.0
0.3,root_gate_control,16,3,1,9,0,0.0
0.3,root_gate_control,16,3,2,9,0,0.0
0.3,root_gate_control,16,3,3,9,3,0.3333333333333333
0.3,root_gate_control,16,3,4,9,0,0.0
0.3,root_gate_control,16,3,5,9,0,0.0
0.3,root_gate_control,16,3,6,9,0,0.0
0.3,root_gate_control,16,3,7,9,0,0.0
0.3,root_gate_control,16,3,8,9,0,0.0
0.3,root_gate_control,16,3,9,9,0,0.0
0.3,root_gate_control,16,3,10,9,0,0.0
0.3,root_gate_control,16,3,11,9,0,0.0
0.3,root_gate_control,16,3,12,9,0,0.0
0.3,root_gate_control,16,3,13,9,0,0.0
0.3,root_gate_control,16,3,14,9,0,0.0
0.3,root_gate_control,16,3,15,9,0,0.0
0.3,root_gate_control,16,4,0,14,0,0.0
0.3,root_gate_control,16,4,1,14,0,0.0
0.3,root_gate_control,16,4,2,14,0,0.0
0.3,root_gate_control,16,4,3,14,0,0.0
0.3,root_gate_control,16,4,4,14,8,0.5714285714285714
0.3,root_gate_control,16,4,5,14,0,0.0
0.3,root_gate_control,16,4,6,14,0,0.0
0.3,root_gate_control,16,4,7,14,0,0.0
0.3,root_gate_control,16,4,8,14,0,0.0
0.3,root_gate_control,16,4,9,14,0,0.0
0.3,root_gate_control,16,4,10,14,0,0.0
0.3,root_gate_control,16,4,11,14,0,0.0
0.3,root_gate_control,16,4,12,14,0,0.0
0.3,root_gate_control,16,4,13,14,0,0.0
0.3,root_gate_control,16,4,14,14,0,0.0
0.3,root_gate_control,16,4,15,14,0,0.0
0.3,root_gate_control,16,5,0,18,0,0.0
0.3,root_gate_control,16,5,1,18,0,0.0
0.3,root_gate_control,16,5,2,18,0,0.0
0.3,root_gate_control,16,5,3,18,0,0.0
0.3,root_gate_control,16,5,4,18,0,0.0
0.3,root_gate_control,16,5,5,18,8,0.4444444444444444
0.3,root_gate_control,16,5,6,18,0,0.0
0.3,root_gate_control,16,5,7,18,0,0.0
0.3,root_gate_control,16,5,8,18,0,0.0
0.3,root_gate_control,16,5,9,18,0,0.0
0.3,root_gate_control,16,5,10,18,0,0.0
0.3,root_gate_control,16,5,11,18,0,0.0
0.3,root_gate_control,16,5,12,18,0,0.0
0.3,root_gate_control,16,5,13,18,0,0.0
0.3,root_gate_control,16,5,14,18,0,0.0
0.3,root_gate_control,16,5,15,18,0,0.0
0.3,root_gate_control,16,6,0,6,0,0.0
0.3,root_gate_control,16,6,1,6,0,0.0
0.3,root_gate_control,16,6,2,6,0,0.0
0.3,root_gate_control,16,6,3,6,0,0.0
0.3,root_gate_control,16,6,4,6,0,0.0
0.3,root_gate_control,16,6,5,6,0,0.0
0.3,root_gate_control,16,6,6,6,3,0.5
0.3,root_gate_control,16,6,7,6,0,0.0
0.3,root_gate_control,16,6,8,6,0,0.0
0.3,root_gate_control,16,6,9,6,0,0.0
0.3,root_gate_control,16,6,10,6,0,0.0
0.3,root_gate_control,16,6,11,6,0,0.0
0.3,root_gate_control,16,6,12,6,0,0.0
0.3,root_gate_control,16,6,13,6,0,0.0
0.3,root_gate_control,16,6,14,6,0,0.0
0.3,root_gate_control,16,6,15,6,0,0.0
0.3,root_gate_control,16,7,0,4,0,0.0
0.3,root_gate_control,16,7,1,4,0,0.0
0.3,root_gate_control,16,7,2,4,0,0.0
0.3,root_gate_control,16,7,3,4,0,0.0
0.3,root_gate_control,16,7,4,4,0,0.0
0.3,root_gate_control,16,7,5,4,0,0.0
0.3,root_gate_control,16,7,6,4,0,0.0
0.3,root_gate_control,16,7,7,4,2,0.5
0.3,root_gate_control,16,7,8,4,0,0.0
0.3,root_gate_control,16,7,9,4,0,0.0
0.3,root_gate_control,16,7,10,4,0,0.0
0.3,root_gate_control,16,7,11,4,0,0.0
0.3,root_gate_control,16,7,12,4,0,0.0
0.3,root_gate_control,16,7,13,4,0,0.0
0.3,root_gate_control,16,7,14,4,0,0.0
0.3,root_gate_control,16,7,15,4,0,0.0
0.3,root_gate_control,16,8,0,13,0,0.0
0.3,root_gate_control,16,8,1,13,0,0.0
0.3,root_gate_control,16,8,2,13,0,0.0
0.3,root_gate_control,16,8,3,13,0,0.0
0.3,root_gate_control,16,8,4,13,0,0.0
0.3,root_gate_control,16,8,5,13,0,0.0
0.3,root_gate_control,16,8,6,13,0,0.0
0.3,root_gate_control,16,8,7,13,0,0.0
0.3,root_gate_control,16,8,8,13,5,0.38461538461538464
0.3,root_gate_control,16,8,9,13,0,0.0
0.3,root_gate_control,16,8,10,13,0,0.0
0.3,root_gate_control,16,8,11,13,0,0.0
0.3,root_gate_control,16,8,12,13,0,0.0
0.3,root_gate_control,16,8,13,13,0,0.0
0.3,root_gate_control,16,8,14,13,0,0.0
0.3,root_gate_control,16,8,15,13,0,0.0
0.3,root_gate_control,16,9,0,7,0,0.0
0.3,root_gate_control,16,9,1,7,0,0.0
0.3,root_gate_control,16,9,2,7,0,0.0
0.3,root_gate_control,16,9,3,7,0,0.0
0.3,root_gate_control,16,9,4,7,0,0.0
0.3,root_gate_control,16,9,5,7,0,0.0
0.3,root_gate_control,16,9,6,7,0,0.0
0.3,root_gate_control,16,9,7,7,0,0.0
0.3,root_gate_control,16,9,8,7,0,0.0
0.3,root_gate_control,16,9,9,7,4,0.5714285714285714
0.3,root_gate_control,16,9,10,7,0,0.0
0.3,root_gate_control,16,9,11,7,0,0.0
0.3,root_gate_control,16,9,12,7,0,0.0
0.3,root_gate_control,16,9,13,7,0,0.0
0.3,root_gate_control,16,9,14,7,0,0.0
0.3,root_gate_control,16,9,15,7,0,0.0
0.3,root_gate_control,16,10,0,7,0,0.0
0.3,root_gate_control,16,10,1,7,0,0.0
0.3,root_gate_control,16,10,2,7,0,0.0
0.3,root_gate_control,16,10,3,7,0,0.0
0.3,root_gate_control,16,10,4,7,0,0.0
0.3,root_gate_control,16,10,5,7,0,0.0
0.3,root_gate_control,16,10,6,7,0,0.0
0.3,root_gate_control,16,10,7,7,0,0.0
0.3,root_gate_control,16,10,8,7,0,0.0
0.3,root_gate_control,16,10,9,7,0,0.0
0.3,root_gate_control,16,10,10,7,4,0.5714285714285714
0.3,root_gate_control,16,10,11,7,0,0.0
0.3,root_gate_control,16,10,12,7,0,0.0
0.3,root_gate_control,16,10,13,7,0,0.0
0.3,root_gate_control,16,10,14,7,0,0.0
0.3,root_gate_control,16,10,15,7,0,0.0
0.3,root_gate_control,16,11,0,12,0,0.0
0.3,root_gate_control,16,11,1,12,0,0.0
0.3,root_gate_control,16,11,2,12,0,0.0
0.3,root_gate_control,16,11,3,12,0,0.0
0.3,root_gate_control,16,11,4,12,0,0.0
0.3,root_gate_control,16,11,5,12,0,0.0
0.3,root_gate_control,16,11,6,12,0,0.0
0.3,root_gate_control,16,11,7,12,0,0.0
0.3,root_gate_control,16,11,8,12,0,0.0
0.3,root_gate_control,16,11,9,12,0,0.0
0.3,root_gate_control,16,11,10,12,0,0.0
0.3,root_gate_control,16,11,11,12,8,0.6666666666666666
0.3,root_gate_control,16,11,12,12,0,0.0
0.3,root_gate_control,16,11,13,12,0,0.0
0.3,root_gate_control,16,11,14,12,0,0.0
0.3,root_gate_control,16,11,15,12,0,0.0
0.3,root_gate_control,16,12,0,23,0,0.0
0.3,root_gate_control,16,12,1,23,0,0.0
0.3,root_gate_control,16,12,2,23,0,0.0
0.3,root_gate_control,16,12,3,23,0,0.0
0.3,root_gate_control,16,12,4,23,0,0.0
0.3,root_gate_control,16,12,5,23,0,0.0
0.3,root_gate_control,16,12,6,23,0,0.0
0.3,root_gate_control,16,12,7,23,0,0.0
0.3,root_gate_control,16,12,8,23,0,0.0
0.3,root_gate_control,16,12,9,23,0,0.0
0.3,root_gate_control,16,12,10,23,0,0.0
0.3,root_gate_control,16,12,11,23,0,0.0
0.3,root_gate_control,16,12,12,23,15,0.6521739130434783
0.3,root_gate_control,16,12,13,23,0,0.0
0.3,root_gate_control,16,12,14,23,0,0.0
0.3,root_gate_control,16,12,15,23,0,0.0
0.3,root_gate_control,16,13,0,16,0,0.0
0.3,root_gate_control,16,13,1,16,0,0.0
0.3,root_gate_control,16,13,2,16,0,0.0
0.3,root_gate_control,16,13,3,16,0,0.0
0.3,root_gate_control,16,13,4,16,0,0.0
0.3,root_gate_control,16,13,5,16,0,0.0
0.3,root_gate_control,16,13,6,16,0,0.0
0.3,root_gate_control,16,13,7,16,0,0.0
0.3,root_gate_control,16,13,8,16,0,0.0
0.3,root_gate_control,16,13,9,16,0,0.0
0.3,root_gate_control,16,13,10,16,0,0.0
0.3,root_gate_control,16,13,11,16,0,0.0
0.3,root_gate_control,16,13,12,16,0,0.0
0.3,root_gate_control,16,13,13,16,10,0.625
0.3,root_gate_control,16,13,14,16,0,0.0
0.3,root_gate_control,16,13,15,16,0,0.0
0.3,root_gate_control,16,14,0,11,0,0.0
0.3,root_gate_control,16,14,1,11,0,0.0
0.3,root_gate_control,16,14,2,11,0,0.0
0.3,root_gate_control,16,14,3,11,0,0.0
0.3,root_gate_control,16,14,4,11,0,0.0
0.3,root_gate_control,16,14,5,11,0,0.0
0.3,root_gate_control,16,14,6,11,0,0.0
0.3,root_gate_control,16,14,7,11,0,0.0
0.3,root_gate_control,16,14,8,11,0,0.0
0.3,root_gate_control,16,14,9,11,0,0.0
0.3,root_gate_control,16,14,10,11,0,0.0
0.3,root_gate_control,16,14,11,11,0,0.0
0.3,root_gate_control,16,14,12,11,0,0.0
0.3,root_gate_control,16,14,13,11,0,0.0
0.3,root_gate_control,16,14,14,11,4,0.36363636363636365
0.3,root_gate_control,16,14,15,11,0,0.0
0.3,root_gate_control,16,15,0,14,0,0.0
0.3,root_gate_control,16,15,1,14,0,0.0
0.3,root_gate_control,16,15,2,14,0,0.0
0.3,root_gate_control,16,15,3,14,0,0.0
0.3,root_gate_control,16,15,4,14,0,0.0
0.3,root_gate_control,16,15,5,14,0,0.0
0.3,root_gate_control,16,15,6,14,0,0.0
0.3,root_gate_control,16,15,7,14,0,0.0
0.3,root_gate_control,16,15,8,14,0,0.0
0.3,root_gate_control,16,15,9,14,0,0.0
0.3,root_gate_control,16,15,10,14,0,0.0
0.3,root_gate_control,16,15,11,14,0,0.0
0.3,root_gate_control,16,15,12,14,0,0.0
0.3,root_gate_control,16,15,13,14,0,0.0
0.3,root_gate_control,16,15,14,14,0,0.0
0.3,root_gate_control,16,15,15,14,7,0.5
0.4,scalar,1,0,0,374,278,0.7433155080213903
0.4,severity_SR,2,0,0,137,66,0.48175182481751827
0.4,severity_SR,2,0,1,137,62,0.45255474452554745
0.4,severity_SR,2,1,0,237,1,0.004219409282700422
0.4,severity_SR,2,1,1,237,149,0.6286919831223629
0.4,spatial_4,4,0,0,111,69,0.6216216216216216
0.4,spatial_4,4,0,1,111,1,0.009009009009009009
0.4,spatial_4,4,0,2,111,0,0.0
0.4,spatial_4,4,0,3,111,0,0.0
0.4,spatial_4,4,1,0,105,12,0.11428571428571428
0.4,spatial_4,4,1,1,105,67,0.638095238095238
0.4,spatial_4,4,1,2,105,0,0.0
0.4,spatial_4,4,1,3,105,0,0.0
0.4,spatial_4,4,2,0,116,0,0.0
0.4,spatial_4,4,2,1,116,13,0.11206896551724138
0.4,spatial_4,4,2,2,116,78,0.6724137931034483
0.4,spatial_4,4,2,3,116,0,0.0
0.4,spatial_4,4,3,0,42,0,0.0
0.4,spatial_4,4,3,1,42,0,0.0
0.4,spatial_4,4,3,2,42,15,0.35714285714285715
0.4,spatial_4,4,3,3,42,23,0.5476190476190477
0.4,spatial_8,8,0,0,57,32,0.5614035087719298
0.4,spatial_8,8,0,1,57,1,0.017543859649122806
0.4,spatial_8,8,0,2,57,0,0.0
0.4,spatial_8,8,0,3,57,0,0.0
0.4,spatial_8,8,0,4,57,0,0.0
0.4,spatial_8,8,0,5,57,0,0.0
0.4,spatial_8,8,0,6,57,0,0.0
0.4,spatial_8,8,0,7,57,0,0.0
0.4,spatial_8,8,1,0,54,8,0.14814814814814814
0.4,spatial_8,8,1,1,54,28,0.5185185185185185
0.4,spatial_8,8,1,2,54,1,0.018518518518518517
0.4,spatial_8,8,1,3,54,0,0.0
0.4,spatial_8,8,1,4,54,0,0.0
0.4,spatial_8,8,1,5,54,0,0.0
0.4,spatial_8,8,1,6,54,0,0.0
0.4,spatial_8,8,1,7,54,0,0.0
0.4,spatial_8,8,2,0,45,0,0.0
0.4,spatial_8,8,2,1,45,12,0.26666666666666666
0.4,spatial_8,8,2,2,45,19,0.4222222222222222
0.4,spatial_8,8,2,3,45,0,0.0
0.4,spatial_8,8,2,4,45,0,0.0
0.4,spatial_8,8,2,5,45,0,0.0
0.4,spatial_8,8,2,6,45,0,0.0
0.4,spatial_8,8,2,7,45,0,0.0
0.4,spatial_8,8,3,0,60,0,0.0
0.4,spatial_8,8,3,1,60,0,0.0
0.4,spatial_8,8,3,2,60,13,0.21666666666666667
0.4,spatial_8,8,3,3,60,35,0.5833333333333334
0.4,spatial_8,8,3,4,60,0,0.0
0.4,spatial_8,8,3,5,60,0,0.0
0.4,spatial_8,8,3,6,60,0,0.0
0.4,spatial_8,8,3,7,60,0,0.0
0.4,spatial_8,8,4,0,56,0,0.0
0.4,spatial_8,8,4,1,56,0,0.0
0.4,spatial_8,8,4,2,56,0,0.0
0.4,spatial_8,8,4,3,56,13,0.23214285714285715
0.4,spatial_8,8,4,4,56,29,0.5178571428571429
0.4,spatial_8,8,4,5,56,0,0.0
0.4,spatial_8,8,4,6,56,0,0.0
0.4,spatial_8,8,4,7,56,0,0.0
0.4,spatial_8,8,5,0,60,0,0.0
0.4,spatial_8,8,5,1,60,0,0.0
0.4,spatial_8,8,5,2,60,0,0.0
0.4,spatial_8,8,5,3,60,0,0.0
0.4,spatial_8,8,5,4,60,18,0.3
0.4,spatial_8,8,5,5,60,31,0.5166666666666667
0.4,spatial_8,8,5,6,60,0,0.0
0.4,spatial_8,8,5,7,60,0,0.0
0.4,spatial_8,8,6,0,38,0,0.0
0.4,spatial_8,8,6,1,38,0,0.0
0.4,spatial_8,8,6,2,38,0,0.0
0.4,spatial_8,8,6,3,38,0,0.0
0.4,spatial_8,8,6,4,38,0,0.0
0.4,spatial_8,8,6,5,38,15,0.39473684210526316
0.4,spatial_8,8,6,6,38,19,0.5
0.4,spatial_8,8,6,7,38,0,0.0
0.4,spatial_8,8,7,0,4,0,0.0
0.4,spatial_8,8,7,1,4,0,0.0
0.4,spatial_8,8,7,2,4,0,0.0
0.4,spatial_8,8,7,3,4,0,0.0
0.4,spatial_8,8,7,4,4,0,0.0
0.4,spatial_8,8,7,5,4,0,0.0
0.4,spatial_8,8,7,6,4,4,1.0
0.4,spatial_8,8,7,7,4,0,0.0
0.4,spatial_16,16,0,0,30,14,0.4666666666666667
0.4,spatial_16,16,0,1,30,0,0.0
0.4,spatial_16,16,0,2,30,0,0.0
0.4,spatial_16,16,0,3,30,0,0.0
0.4,spatial_16,16,0,4,30,0,0.0
0.4,spatial_16,16,0,5,30,0,0.0
0.4,spatial_16,16,0,6,30,0,0.0
0.4,spatial_16,16,0,7,30,0,0.0
0.4,spatial_16,16,0,8,30,0,0.0
0.4,spatial_16,16,0,9,30,0,0.0
0.4,spatial_16,16,0,10,30,0,0.0
0.4,spatial_16,16,0,11,30,0,0.0
0.4,spatial_16,16,0,12,30,0,0.0
0.4,spatial_16,16,0,13,30,0,0.0
0.4,spatial_16,16,0,14,30,0,0.0
0.4,spatial_16,16,0,15,30,0,0.0
0.4,spatial_16,16,1,0,27,11,0.4074074074074074
0.4,spatial_16,16,1,1,27,7,0.25925925925925924
0.4,spatial_16,16,1,2,27,1,0.037037037037037035
0.4,spatial_16,16,1,3,27,0,0.0
0.4,spatial_16,16,1,4,27,0,0.0
0.4,spatial_16,16,1,5,27,0,0.0
0.4,spatial_16,16,1,6,27,0,0.0
0.4,spatial_16,16,1,7,27,0,0.0
0.4,spatial_16,16,1,8,27,0,0.0
0.4,spatial_16,16,1,9,27,0,0.0
0.4,spatial_16,16,1,10,27,0,0.0
0.4,spatial_16,16,1,11,27,0,0.0
0.4,spatial_16,16,1,12,27,0,0.0
0.4,spatial_16,16,1,13,27,0,0.0
0.4,spatial_16,16,1,14,27,0,0.0
0.4,spatial_16,16,1,15,27,0,0.0
0.4,spatial_16,16,2,0,28,0,0.0
0.4,spatial_16,16,2,1,28,8,0.2857142857142857
0.4,spatial_16,16,2,2,28,9,0.32142857142857145
0.4,spatial_16,16,2,3,28,1,0.03571428571428571
0.4,spatial_16,16,2,4,28,0,0.0
0.4,spatial_16,16,2,5,28,0,0.0
0.4,spatial_16,16,2,6,28,0,0.0
0.4,spatial_16,16,2,7,28,0,0.0
0.4,spatial_16,16,2,8,28,0,0.0
0.4,spatial_16,16,2,9,28,0,0.0
0.4,spatial_16,16,2,10,28,0,0.0
0.4,spatial_16,16,2,11,28,0,0.0
0.4,spatial_16,16,2,12,28,0,0.0
0.4,spatial_16,16,2,13,28,0,0.0
0.4,spatial_16,16,2,14,28,0,0.0
0.4,spatial_16,16,2,15,28,0,0.0
0.4,spatial_16,16,3,0,26,0,0.0
0.4,spatial_16,16,3,1,26,0,0.0
0.4,spatial_16,16,3,2,26,11,0.4230769230769231
0.4,spatial_16,16,3,3,26,7,0.2692307692307692
0.4,spatial_16,16,3,4,26,1,0.038461538461538464
0.4,spatial_16,16,3,5,26,0,0.0
0.4,spatial_16,16,3,6,26,0,0.0
0.4,spatial_16,16,3,7,26,0,0.0
0.4,spatial_16,16,3,8,26,0,0.0
0.4,spatial_16,16,3,9,26,0,0.0
0.4,spatial_16,16,3,10,26,0,0.0
0.4,spatial_16,16,3,11,26,0,0.0
0.4,spatial_16,16,3,12,26,0,0.0
0.4,spatial_16,16,3,13,26,0,0.0
0.4,spatial_16,16,3,14,26,0,0.0
0.4,spatial_16,16,3,15,26,0,0.0
0.4,spatial_16,16,4,0,25,0,0.0
0.4,spatial_16,16,4,1,25,0,0.0
0.4,spatial_16,16,4,2,25,0,0.0
0.4,spatial_16,16,4,3,25,12,0.48
0.4,spatial_16,16,4,4,25,6,0.24
0.4,spatial_16,16,4,5,25,0,0.0
0.4,spatial_16,16,4,6,25,0,0.0
0.4,spatial_16,16,4,7,25,0,0.0
0.4,spatial_16,16,4,8,25,0,0.0
0.4,spatial_16,16,4,9,25,0,0.0
0.4,spatial_16,16,4,10,25,0,0.0
0.4,spatial_16,16,4,11,25,0,0.0
0.4,spatial_16,16,4,12,25,0,0.0
0.4,spatial_16,16,4,13,25,0,0.0
0.4,spatial_16,16,4,14,25,0,0.0
0.4,spatial_16,16,4,15,25,0,0.0
0.4,spatial_16,16,5,0,20,0,0.0
0.4,spatial_16,16,5,1,20,0,0.0
0.4,spatial_16,16,5,2,20,0,0.0
0.4,spatial_16,16,5,3,20,0,0.0
0.4,spatial_16,16,5,4,20,10,0.5
0.4,spatial_16,16,5,5,20,3,0.15
0.4,spatial_16,16,5,6,20,0,0.0
0.4,spatial_16,16,5,7,20,0,0.0
0.4,spatial_16,16,5,8,20,0,0.0
0.4,spatial_16,16,5,9,20,0,0.0
0.4,spatial_16,16,5,10,20,0,0.0
0.4,spatial_16,16,5,11,20,0,0.0
0.4,spatial_16,16,5,12,20,0,0.0
0.4,spatial_16,16,5,13,20,0,0.0
0.4,spatial_16,16,5,14,20,0,0.0
0.4,spatial_16,16,5,15,20,0,0.0
0.4,spatial_16,16,6,0,32,0,0.0
0.4,spatial_16,16,6,1,32,0,0.0
0.4,spatial_16,16,6,2,32,0,0.0
0.4,spatial_16,16,6,3,32,0,0.0
0.4,spatial_16,16,6,4,32,0,0.0
0.4,spatial_16,16,6,5,32,13,0.40625
0.4,spatial_16,16,6,6,32,8,0.25
0.4,spatial_16,16,6,7,32,1,0.03125
0.4,spatial_16,16,6,8,32,0,0.0
0.4,spatial_16,16,6,9,32,0,0.0
0.4,spatial_16,16,6,10,32,0,0.0
0.4,spatial_16,16,6,11,32,0,0.0
0.4,spatial_16,16,6,12,32,0,0.0
0.4,spatial_16,16,6,13,32,0,0.0
0.4,spatial_16,16,6,14,32,0,0.0
0.4,spatial_16,16,6,15,32,0,0.0
0.4,spatial_16,16,7,0,28,0,0.0
0.4,spatial_16,16,7,1,28,0,0.0
0.4,spatial_16,16,7,2,28,0,0.0
0.4,spatial_16,16,7,3,28,0,0.0
0.4,spatial_16,16,7,4,28,0,0.0
0.4,spatial_16,16,7,5,28,0,0.0
0.4,spatial_16,16,7,6,28,20,0.7142857142857143
0.4,spatial_16,16,7,7,28,6,0.21428571428571427
0.4,spatial_16,16,7,8,28,0,0.0
0.4,spatial_16,16,7,9,28,0,0.0
0.4,spatial_16,16,7,10,28,0,0.0
0.4,spatial_16,16,7,11,28,0,0.0
0.4,spatial_16,16,7,12,28,0,0.0
0.4,spatial_16,16,7,13,28,0,0.0
0.4,spatial_16,16,7,14,28,0,0.0
0.4,spatial_16,16,7,15,28,0,0.0
0.4,spatial_16,16,8,0,26,0,0.0
0.4,spatial_16,16,8,1,26,0,0.0
0.4,spatial_16,16,8,2,26,0,0.0
0.4,spatial_16,16,8,3,26,0,0.0
0.4,spatial_16,16,8,4,26,0,0.0
0.4,spatial_16,16,8,5,26,0,0.0
0.4,spatial_16,16,8,6,26,0,0.0
0.4,spatial_16,16,8,7,26,13,0.5
0.4,spatial_16,16,8,8,26,6,0.23076923076923078
0.4,spatial_16,16,8,9,26,1,0.038461538461538464
0.4,spatial_16,16,8,10,26,0,0.0
0.4,spatial_16,16,8,11,26,0,0.0
0.4,spatial_16,16,8,12,26,0,0.0
0.4,spatial_16,16,8,13,26,0,0.0
0.4,spatial_16,16,8,14,26,0,0.0
0.4,spatial_16,16,8,15,26,0,0.0
0.4,spatial_16,16,9,0,30,0,0.0
0.4,spatial_16,16,9,1,30,0,0.0
0.4,spatial_16,16,9,2,30,0,0.0
0.4,spatial_16,16,9,3,30,0,0.0
0.4,spatial_16,16,9,4,30,0,0.0
0.4,spatial_16,16,9,5,30,0,0.0
0.4,spatial_16,16,9,6,30,0,0.0
0.4,spatial_16,16,9,7,30,0,0.0
0.4,spatial_16,16,9,8,30,16,0.5333333333333333
0.4,spatial_16,16,9,9,30,6,0.2
0.4,spatial_16,16,9,10,30,0,0.0
0.4,spatial_16,16,9,11,30,0,0.0
0.4,spatial_16,16,9,12,30,0,0.0
0.4,spatial_16,16,9,13,30,0,0.0
0.4,spatial_16,16,9,14,30,0,0.0
0.4,spatial_16,16,9,15,30,0,0.0
0.4,spatial_16,16,10,0,33,0,0.0
0.4,spatial_16,16,10,1,33,0,0.0
0.4,spatial_16,16,10,2,33,0,0.0
0.4,spatial_16,16,10,3,33,0,0.0
0.4,spatial_16,16,10,4,33,0,0.0
0.4,spatial_16,16,10,5,33,0,0.0
0.4,spatial_16,16,10,6,33,0,0.0
0.4,spatial_16,16,10,7,33,0,0.0
0.4,spatial_16,16,10,8,33,0,0.0
0.4,spatial_16,16,10,9,33,18,0.5454545454545454
0.4,spatial_16,16,10,10,33,5,0.15151515151515152
0.4,spatial_16,16,10,11,33,1,0.030303030303030304
0.4,spatial_16,16,10,12,33,0,0.0
0.4,spatial_16,16,10,13,33,0,0.0
0.4,spatial_16,16,10,14,33,0,0.0
0.4,spatial_16,16,10,15,33,0,0.0
0.4,spatial_16,16,11,0,27,0,0.0
0.4,spatial_16,16,11,1,27,0,0.0
0.4,spatial_16,16,11,2,27,0,0.0
0.4,spatial_16,16,11,3,27,0,0.0
0.4,spatial_16,16,11,4,27,0,0.0
0.4,spatial_16,16,11,5,27,0,0.0
0.4,spatial_16,16,11,6,27,0,0.0
0.4,spatial_16,16,11,7,27,0,0.0
0.4,spatial_16,16,11,8,27,0,0.0
0.4,spatial_16,16,11,9,27,0,0.0
0.4,spatial_16,16,11,10,27,22,0.8148148148148148
0.4,spatial_16,16,11,11,27,3,0.1111111111111111
0.4,spatial_16,16,11,12,27,0,0.0
0.4,spatial_16,16,11,13,27,0,0.0
0.4,spatial_16,16,11,14,27,0,0.0
0.4,spatial_16,16,11,15,27,0,0.0
0.4,spatial_16,16,12,0,22,0,0.0
0.4,spatial_16,16,12,1,22,0,0.0
0.4,spatial_16,16,12,2,22,0,0.0
0.4,spatial_16,16,12,3,22,0,0.0
0.4,spatial_16,16,12,4,22,0,0.0
0.4,spatial_16,16,12,5,22,0,0.0
0.4,spatial_16,16,12,6,22,0,0.0
0.4,spatial_16,16,12,7,22,0,0.0
0.4,spatial_16,16,12,8,22,0,0.0
0.4,spatial_16,16,12,9,22,0,0.0
0.4,spatial_16,16,12,10,22,0,0.0
0.4,spatial_16,16,12,11,22,15,0.6818181818181818
0.4,spatial_16,16,12,12,22,4,0.18181818181818182
0.4,spatial_16,16,12,13,22,0,0.0
0.4,spatial_16,16,12,14,22,0,0.0
0.4,spatial_16,16,12,15,22,0,0.0
0.4,spatial_16,16,13,0,16,0,0.0
0.4,spatial_16,16,13,1,16,0,0.0
0.4,spatial_16,16,13,2,16,0,0.0
0.4,spatial_16,16,13,3,16,0,0.0
0.4,spatial_16,16,13,4,16,0,0.0
0.4,spatial_16,16,13,5,16,0,0.0
0.4,spatial_16,16,13,6,16,0,0.0
0.4,spatial_16,16,13,7,16,0,0.0
0.4,spatial_16,16,13,8,16,0,0.0
0.4,spatial_16,16,13,9,16,0,0.0
0.4,spatial_16,16,13,10,16,0,0.0
0.4,spatial_16,16,13,11,16,0,0.0
0.4,spatial_16,16,13,12,16,13,0.8125
0.4,spatial_16,16,13,13,16,2,0.125
0.4,spatial_16,16,13,14,16,0,0.0
0.4,spatial_16,16,13,15,16,0,0.0
0.4,spatial_16,16,14,0,4,0,0.0
0.4,spatial_16,16,14,1,4,0,0.0
0.4,spatial_16,16,14,2,4,0,0.0
0.4,spatial_16,16,14,3,4,0,0.0
0.4,spatial_16,16,14,4,4,0,0.0
0.4,spatial_16,16,14,5,4,0,0.0
0.4,spatial_16,16,14,6,4,0,0.0
0.4,spatial_16,16,14,7,4,0,0.0
0.4,spatial_16,16,14,8,4,0,0.0
0.4,spatial_16,16,14,9,4,0,0.0
0.4,spatial_16,16,14,10,4,0,0.0
0.4,spatial_16,16,14,11,4,0,0.0
0.4,spatial_16,16,14,12,4,0,0.0
0.4,spatial_16,16,14,13,4,4,1.0
0.4,spatial_16,16,14,14,4,0,0.0
0.4,spatial_16,16,14,15,4,0,0.0
0.4,spatial_16,16,15,0,0,0,0.0
0.4,spatial_16,16,15,1,0,0,0.0
0.4,spatial_16,16,15,2,0,0,0.0
0.4,spatial_16,16,15,3,0,0,0.0
0.4,spatial_16,16,15,4,0,0,0.0
0.4,spatial_16,16,15,5,0,0,0.0
0.4,spatial_16,16,15,6,0,0,0.0
0.4,spatial_16,16,15,7,0,0,0.0
0.4,spatial_16,16,15,8,0,0,0.0
0.4,spatial_16,16,15,9,0,0,0.0
0.4,spatial_16,16,15,10,0,0,0.0
0.4,spatial_16,16,15,11,0,0,0.0
0.4,spatial_16,16,15,12,0,0,0.0
0.4,spatial_16,16,15,13,0,0,0.0
0.4,spatial_16,16,15,14,0,0,0.0
0.4,spatial_16,16,15,15,0,0,0.0
0.4,root_gate_control,16,0,0,10,5,0.5
0.4,root_gate_control,16,0,1,10,0,0.0
0.4,root_gate_control,16,0,2,10,0,0.0
0.4,root_gate_control,16,0,3,10,0,0.0
0.4,root_gate_control,16,0,4,10,0,0.0
0.4,root_gate_control,16,0,5,10,0,0.0
0.4,root_gate_control,16,0,6,10,0,0.0
0.4,root_gate_control,16,0,7,10,0,0.0
0.4,root_gate_control,16,0,8,10,0,0.0
0.4,root_gate_control,16,0,9,10,0,0.0
0.4,root_gate_control,16,0,10,10,0,0.0
0.4,root_gate_control,16,0,11,10,0,0.0
0.4,root_gate_control,16,0,12,10,0,0.0
0.4,root_gate_control,16,0,13,10,0,0.0
0.4,root_gate_control,16,0,14,10,0,0.0
0.4,root_gate_control,16,0,15,10,0,0.0
0.4,root_gate_control,16,1,0,22,0,0.0
0.4,root_gate_control,16,1,1,22,13,0.5909090909090909
0.4,root_gate_control,16,1,2,22,0,0.0
0.4,root_gate_control,16,1,3,22,0,0.0
0.4,root_gate_control,16,1,4,22,0,0.0
0.4,root_gate_control,16,1,5,22,0,0.0
0.4,root_gate_control,16,1,6,22,0,0.0
0.4,root_gate_control,16,1,7,22,0,0.0
0.4,root_gate_control,16,1,8,22,0,0.0
0.4,root_gate_control,16,1,9,22,0,0.0
0.4,root_gate_control,16,1,10,22,0,0.0
0.4,root_gate_control,16,1,11,22,0,0.0
0.4,root_gate_control,16,1,12,22,0,0.0
0.4,root_gate_control,16,1,13,22,0,0.0
0.4,root_gate_control,16,1,14,22,0,0.0
0.4,root_gate_control,16,1,15,22,0,0.0
0.4,root_gate_control,16,2,0,13,0,0.0
0.4,root_gate_control,16,2,1,13,0,0.0
0.4,root_gate_control,16,2,2,13,9,0.6923076923076923
0.4,root_gate_control,16,2,3,13,0,0.0
0.4,root_gate_control,16,2,4,13,0,0.0
0.4,root_gate_control,16,2,5,13,0,0.0
0.4,root_gate_control,16,2,6,13,0,0.0
0.4,root_gate_control,16,2,7,13,0,0.0
0.4,root_gate_control,16,2,8,13,0,0.0
0.4,root_gate_control,16,2,9,13,0,0.0
0.4,root_gate_control,16,2,10,13,0,0.0
0.4,root_gate_control,16,2,11,13,0,0.0
0.4,root_gate_control,16,2,12,13,0,0.0
0.4,root_gate_control,16,2,13,13,0,0.0
0.4,root_gate_control,16,2,14,13,0,0.0
0.4,root_gate_control,16,2,15,13,0,0.0
0.4,root_gate_control,16,3,0,19,0,0.0
0.4,root_gate_control,16,3,1,19,0,0.0
0.4,root_gate_control,16,3,2,19,0,0.0
0.4,root_gate_control,16,3,3,19,13,0.6842105263157895
0.4,root_gate_control,16,3,4,19,0,0.0
0.4,root_gate_control,16,3,5,19,0,0.0
0.4,root_gate_control,16,3,6,19,0,0.0
0.4,root_gate_control,16,3,7,19,0,0.0
0.4,root_gate_control,16,3,8,19,0,0.0
0.4,root_gate_control,16,3,9,19,0,0.0
0.4,root_gate_control,16,3,10,19,0,0.0
0.4,root_gate_control,16,3,11,19,0,0.0
0.4,root_gate_control,16,3,12,19,0,0.0
0.4,root_gate_control,16,3,13,19,0,0.0
0.4,root_gate_control,16,3,14,19,0,0.0
0.4,root_gate_control,16,3,15,19,0,0.0
0.4,root_gate_control,16,4,0,20,0,0.0
0.4,root_gate_control,16,4,1,20,0,0.0
0.4,root_gate_control,16,4,2,20,0,0.0
0.4,root_gate_control,16,4,3,20,0,0.0
0.4,root_gate_control,16,4,4,20,14,0.7
0.4,root_gate_control,16,4,5,20,0,0.0
0.4,root_gate_control,16,4,6,20,0,0.0
0.4,root_gate_control,16,4,7,20,0,0.0
0.4,root_gate_control,16,4,8,20,0,0.0
0.4,root_gate_control,16,4,9,20,0,0.0
0.4,root_gate_control,16,4,10,20,0,0.0
0.4,root_gate_control,16,4,11,20,0,0.0
0.4,root_gate_control,16,4,12,20,0,0.0
0.4,root_gate_control,16,4,13,20,0,0.0
0.4,root_gate_control,16,4,14,20,0,0.0
0.4,root_gate_control,16,4,15,20,0,0.0
0.4,root_gate_control,16,5,0,30,0,0.0
0.4,root_gate_control,16,5,1,30,0,0.0
0.4,root_gate_control,16,5,2,30,0,0.0
0.4,root_gate_control,16,5,3,30,0,0.0
0.4,root_gate_control,16,5,4,30,0,0.0
0.4,root_gate_control,16,5,5,30,22,0.7333333333333333
0.4,root_gate_control,16,5,6,30,0,0.0
0.4,root_gate_control,16,5,7,30,0,0.0
0.4,root_gate_control,16,5,8,30,0,0.0
0.4,root_gate_control,16,5,9,30,0,0.0
0.4,root_gate_control,16,5,10,30,0,0.0
0.4,root_gate_control,16,5,11,30,0,0.0
0.4,root_gate_control,16,5,12,30,0,0.0
0.4,root_gate_control,16,5,13,30,0,0.0
0.4,root_gate_control,16,5,14,30,0,0.0
0.4,root_gate_control,16,5,15,30,0,0.0
0.4,root_gate_control,16,6,0,9,0,0.0
0.4,root_gate_control,16,6,1,9,0,0.0
0.4,root_gate_control,16,6,2,9,0,0.0
0.4,root_gate_control,16,6,3,9,0,0.0
0.4,root_gate_control,16,6,4,9,0,0.0
0.4,root_gate_control,16,6,5,9,0,0.0
0.4,root_gate_control,16,6,6,9,5,0.5555555555555556
0.4,root_gate_control,16,6,7,9,0,0.0
0.4,root_gate_control,16,6,8,9,0,0.0
0.4,root_gate_control,16,6,9,9,0,0.0
0.4,root_gate_control,16,6,10,9,0,0.0
0.4,root_gate_control,16,6,11,9,0,0.0
0.4,root_gate_control,16,6,12,9,0,0.0
0.4,root_gate_control,16,6,13,9,0,0.0
0.4,root_gate_control,16,6,14,9,0,0.0
0.4,root_gate_control,16,6,15,9,0,0.0
0.4,root_gate_control,16,7,0,12,0,0.0
0.4,root_gate_control,16,7,1,12,0,0.0
0.4,root_gate_control,16,7,2,12,0,0.0
0.4,root_gate_control,16,7,3,12,0,0.0
0.4,root_gate_control,16,7,4,12,0,0.0
0.4,root_gate_control,16,7,5,12,0,0.0
0.4,root_gate_control,16,7,6,12,0,0.0
0.4,root_gate_control,16,7,7,12,8,0.6666666666666666
0.4,root_gate_control,16,7,8,12,0,0.0
0.4,root_gate_control,16,7,9,12,0,0.0
0.4,root_gate_control,16,7,10,12,0,0.0
0.4,root_gate_control,16,7,11,12,0,0.0
0.4,root_gate_control,16,7,12,12,0,0.0
0.4,root_gate_control,16,7,13,12,0,0.0
0.4,root_gate_control,16,7,14,12,0,0.0
0.4,root_gate_control,16,7,15,12,0,0.0
0.4,root_gate_control,16,8,0,31,0,0.0
0.4,root_gate_control,16,8,1,31,0,0.0
0.4,root_gate_control,16,8,2,31,0,0.0
0.4,root_gate_control,16,8,3,31,0,0.0
0.4,root_gate_control,16,8,4,31,0,0.0
0.4,root_gate_control,16,8,5,31,0,0.0
0.4,root_gate_control,16,8,6,31,0,0.0
0.4,root_gate_control,16,8,7,31,0,0.0
0.4,root_gate_control,16,8,8,31,23,0.7419354838709677
0.4,root_gate_control,16,8,9,31,0,0.0
0.4,root_gate_control,16,8,10,31,0,0.0
0.4,root_gate_control,16,8,11,31,0,0.0
0.4,root_gate_control,16,8,12,31,0,0.0
0.4,root_gate_control,16,8,13,31,0,0.0
0.4,root_gate_control,16,8,14,31,0,0.0
0.4,root_gate_control,16,8,15,31,0,0.0
0.4,root_gate_control,16,9,0,24,0,0.0
0.4,root_gate_control,16,9,1,24,0,0.0
0.4,root_gate_control,16,9,2,24,0,0.0
0.4,root_gate_control,16,9,3,24,0,0.0
0.4,root_gate_control,16,9,4,24,0,0.0
0.4,root_gate_control,16,9,5,24,0,0.0
0.4,root_gate_control,16,9,6,24,0,0.0
0.4,root_gate_control,16,9,7,24,0,0.0
0.4,root_gate_control,16,9,8,24,0,0.0
0.4,root_gate_control,16,9,9,24,20,0.8333333333333334
0.4,root_gate_control,16,9,10,24,0,0.0
0.4,root_gate_control,16,9,11,24,0,0.0
0.4,root_gate_control,16,9,12,24,0,0.0
0.4,root_gate_control,16,9,13,24,0,0.0
0.4,root_gate_control,16,9,14,24,0,0.0
0.4,root_gate_control,16,9,15,24,0,0.0
0.4,root_gate_control,16,10,0,23,0,0.0
0.4,root_gate_control,16,10,1,23,0,0.0
0.4,root_gate_control,16,10,2,23,0,0.0
0.4,root_gate_control,16,10,3,23,0,0.0
0.4,root_gate_control,16,10,4,23,0,0.0
0.4,root_gate_control,16,10,5,23,0,0.0
0.4,root_gate_control,16,10,6,23,0,0.0
0.4,root_gate_control,16,10,7,23,0,0.0
0.4,root_gate_control,16,10,8,23,0,0.0
0.4,root_gate_control,16,10,9,23,0,0.0
0.4,root_gate_control,16,10,10,23,18,0.782608695652174
0.4,root_gate_control,16,10,11,23,0,0.0
0.4,root_gate_control,16,10,12,23,0,0.0
0.4,root_gate_control,16,10,13,23,0,0.0
0.4,root_gate_control,16,10,14,23,0,0.0
0.4,root_gate_control,16,10,15,23,0,0.0
0.4,root_gate_control,16,11,0,24,0,0.0
0.4,root_gate_control,16,11,1,24,0,0.0
0.4,root_gate_control,16,11,2,24,0,0.0
0.4,root_gate_control,16,11,3,24,0,0.0
0.4,root_gate_control,16,11,4,24,0,0.0
0.4,root_gate_control,16,11,5,24,0,0.0
0.4,root_gate_control,16,11,6,24,0,0.0
0.4,root_gate_control,16,11,7,24,0,0.0
0.4,root_gate_control,16,11,8,24,0,0.0
0.4,root_gate_control,16,11,9,24,0,0.0
0.4,root_gate_control,16,11,10,24,0,0.0
0.4,root_gate_control,16,11,11,24,18,0.75
0.4,root_gate_control,16,11,12,24,0,0.0
0.4,root_gate_control,16,11,13,24,0,0.0
0.4,root_gate_control,16,11,14,24,0,0.0
0.4,root_gate_control,16,11,15,24,0,0.0
0.4,root_gate_control,16,12,0,42,0,0.0
0.4,root_gate_control,16,12,1,42,0,0.0
0.4,root_gate_control,16,12,2,42,0,0.0
0.4,root_gate_control,16,12,3,42,0,0.0
0.4,root_gate_control,16,12,4,42,0,0.0
0.4,root_gate_control,16,12,5,42,0,0.0
0.4,root_gate_control,16,12,6,42,0,0.0
0.4,root_gate_control,16,12,7,42,0,0.0
0.4,root_gate_control,16,12,8,42,0,0.0
0.4,root_gate_control,16,12,9,42,0,0.0
0.4,root_gate_control,16,12,10,42,0,0.0
0.4,root_gate_control,16,12,11,42,0,0.0
0.4,root_gate_control,16,12,12,42,34,0.8095238095238095
0.4,root_gate_control,16,12,13,42,0,0.0
0.4,root_gate_control,16,12,14,42,0,0.0
0.4,root_gate_control,16,12,15,42,0,0.0
0.4,root_gate_control,16,13,0,24,0,0.0
0.4,root_gate_control,16,13,1,24,0,0.0
0.4,root_gate_control,16,13,2,24,0,0.0
0.4,root_gate_control,16,13,3,24,0,0.0
0.4,root_gate_control,16,13,4,24,0,0.0
0.4,root_gate_control,16,13,5,24,0,0.0
0.4,root_gate_control,16,13,6,24,0,0.0
0.4,root_gate_control,16,13,7,24,0,0.0
0.4,root_gate_control,16,13,8,24,0,0.0
0.4,root_gate_control,16,13,9,24,0,0.0
0.4,root_gate_control,16,13,10,24,0,0.0
0.4,root_gate_control,16,13,11,24,0,0.0
0.4,root_gate_control,16,13,12,24,0,0.0
0.4,root_gate_control,16,13,13,24,19,0.7916666666666666
0.4,root_gate_control,16,13,14,24,0,0.0
0.4,root_gate_control,16,13,15,24,0,0.0
0.4,root_gate_control,16,14,0,35,0,0.0
0.4,root_gate_control,16,14,1,35,0,0.0
0.4,root_gate_control,16,14,2,35,0,0.0
0.4,root_gate_control,16,14,3,35,0,0.0
0.4,root_gate_control,16,14,4,35,0,0.0
0.4,root_gate_control,16,14,5,35,0,0.0
0.4,root_gate_control,16,14,6,35,0,0.0
0.4,root_gate_control,16,14,7,35,0,0.0
0.4,root_gate_control,16,14,8,35,0,0.0
0.4,root_gate_control,16,14,9,35,0,0.0
0.4,root_gate_control,16,14,10,35,0,0.0
0.4,root_gate_control,16,14,11,35,0,0.0
0.4,root_gate_control,16,14,12,35,0,0.0
0.4,root_gate_control,16,14,13,35,0,0.0
0.4,root_gate_control,16,14,14,35,28,0.8
0.4,root_gate_control,16,14,15,35,0,0.0
0.4,root_gate_control,16,15,0,36,0,0.0
0.4,root_gate_control,16,15,1,36,0,0.0
0.4,root_gate_control,16,15,2,36,0,0.0
0.4,root_gate_control,16,15,3,36,0,0.0
0.4,root_gate_control,16,15,4,36,0,0.0
0.4,root_gate_control,16,15,5,36,0,0.0
0.4,root_gate_control,16,15,6,36,0,0.0
0.4,root_gate_control,16,15,7,36,0,0.0
0.4,root_gate_control,16,15,8,36,0,0.0
0.4,root_gate_control,16,15,9,36,0,0.0
0.4,root_gate_control,16,15,10,36,0,0.0
0.4,root_gate_control,16,15,11,36,0,0.0
0.4,root_gate_control,16,15,12,36,0,0.0
0.4,root_gate_control,16,15,13,36,0,0.0
0.4,root_gate_control,16,15,14,36,0,0.0
0.4,root_gate_control,16,15,15,36,29,0.8055555555555556
0.5,scalar,1,0,0,835,730,0.874251497005988
0.5,severity_SR,2,0,0,305,216,0.7081967213114754
0.5,severity_SR,2,0,1,305,66,0.21639344262295082
0.5,severity_SR,2,1,0,530,1,0.0018867924528301887
0.5,severity_SR,2,1,1,530,447,0.8433962264150944
0.5,spatial_4,4,0,0,396,324,0.8181818181818182
0.5,spatial_4,4,0,1,396,0,0.0
0.5,spatial_4,4,0,2,396,0,0.0
0.5,spatial_4,4,0,3,396,0,0.0
0.5,spatial_4,4,1,0,223,43,0.19282511210762332
0.5,spatial_4,4,1,1,223,163,0.7309417040358744
0.5,spatial_4,4,1,2,223,1,0.004484304932735426
0.5,spatial_4,4,1,3,223,0,0.0
0.5,spatial_4,4,2,0,168,0,0.0
0.5,spatial_4,4,2,1,168,33,0.19642857142857142
0.5,spatial_4,4,2,2,168,121,0.7202380952380952
0.5,spatial_4,4,2,3,168,0,0.0
0.5,spatial_4,4,3,0,48,0,0.0
0.5,spatial_4,4,3,1,48,0,0.0
0.5,spatial_4,4,3,2,48,21,0.4375
0.5,spatial_4,4,3,3,48,24,0.5
0.5,spatial_8,8,0,0,257,191,0.7431906614785992
0.5,spatial_8,8,0,1,257,0,0.0
0.5,spatial_8,8,0,2,257,0,0.0
0.5,spatial_8,8,0,3,257,0,0.0
0.5,spatial_8,8,0,4,257,0,0.0
0.5,spatial_8,8,0,5,257,0,0.0
0.5,spatial_8,8,0,6,257,0,0.0
0.5,spatial_8,8,0,7,257,0,0.0
0.5,spatial_8,8,1,0,139,52,0.37410071942446044
0.5,spatial_8,8,1,1,139,81,0.5827338129496403
0.5,spatial_8,8,1,2,139,0,0.0
0.5,spatial_8,8,1,3,139,0,0.0
0.5,spatial_8,8,1,4,139,0,0.0
0.5,spatial_8,8,1,5,139,0,0.0
0.5,spatial_8,8,1,6,139,0,0.0
0.5,spatial_8,8,1,7,139,0,0.0
0.5,spatial_8,8,2,0,115,0,0.0
0.5,spatial_8,8,2,1,115,43,0.3739130434782609
0.5,spatial_8,8,2,2,115,63,0.5478260869565217
0.5,spatial_8,8,2,3,115,0,0.0
0.5,spatial_8,8,2,4,115,0,0.0
0.5,spatial_8,8,2,5,115,0,0.0
0.5,spatial_8,8,2,6,115,0,0.0
0.5,spatial_8,8,2,7,115,0,0.0
0.5,spatial_8,8,3,0,108,0,0.0
0.5,spatial_8,8,3,1,108,0,0.0
0.5,spatial_8,8,3,2,108,38,0.35185185185185186
0.5,spatial_8,8,3,3,108,62,0.5740740740740741
0.5,spatial_8,8,3,4,108,1,0.009259259259259259
0.5,spatial_8,8,3,5,108,0,0.0
0.5,spatial_8,8,3,6,108,0,0.0
0.5,spatial_8,8,3,7,108,0,0.0
0.5,spatial_8,8,4,0,92,0,0.0
0.5,spatial_8,8,4,1,92,0,0.0
0.5,spatial_8,8,4,2,92,0,0.0
0.5,spatial_8,8,4,3,92,33,0.358695652173913
0.5,spatial_8,8,4,4,92,50,0.5434782608695652
0.5,spatial_8,8,4,5,92,0,0.0
0.5,spatial_8,8,4,6,92,0,0.0
0.5,spatial_8,8,4,7,92,0,0.0
0.5,spatial_8,8,5,0,76,0,0.0
0.5,spatial_8,8,5,1,76,0,0.0
0.5,spatial_8,8,5,2,76,0,0.0
0.5,spatial_8,8,5,3,76,0,0.0
0.5,spatial_8,8,5,4,76,31,0.40789473684210525
0.5,spatial_8,8,5,5,76,40,0.5263157894736842
0.5,spatial_8,8,5,6,76,0,0.0
0.5,spatial_8,8,5,7,76,0,0.0
0.5,spatial_8,8,6,0,41,0,0.0
0.5,spatial_8,8,6,1,41,0,0.0
0.5,spatial_8,8,6,2,41,0,0.0
0.5,spatial_8,8,6,3,41,0,0.0
0.5,spatial_8,8,6,4,41,0,0.0
0.5,spatial_8,8,6,5,41,21,0.5121951219512195
0.5,spatial_8,8,6,6,41,17,0.4146341463414634
0.5,spatial_8,8,6,7,41,0,0.0
0.5,spatial_8,8,7,0,7,0,0.0
0.5,spatial_8,8,7,1,7,0,0.0
0.5,spatial_8,8,7,2,7,0,0.0
0.5,spatial_8,8,7,3,7,0,0.0
0.5,spatial_8,8,7,4,7,0,0.0
0.5,spatial_8,8,7,5,7,0,0.0
0.5,spatial_8,8,7,6,7,7,1.0
0.5,spatial_8,8,7,7,7,0,0.0
0.5,spatial_16,16,0,0,179,113,0.6312849162011173
0.5,spatial_16,16,0,1,179,0,0.0
0.5,spatial_16,16,0,2,179,0,0.0
0.5,spatial_16,16,0,3,179,0,0.0
0.5,spatial_16,16,0,4,179,0,0.0
0.5,spatial_16,16,0,5,179,0,0.0
0.5,spatial_16,16,0,6,179,0,0.0
0.5,spatial_16,16,0,7,179,0,0.0
0.5,spatial_16,16,0,8,179,0,0.0
0.5,spatial_16,16,0,9,179,0,0.0
0.5,spatial_16,16,0,10,179,0,0.0
0.5,spatial_16,16,0,11,179,0,0.0
0.5,spatial_16,16,0,12,179,0,0.0
0.5,spatial_16,16,0,13,179,0,0.0
0.5,spatial_16,16,0,14,179,0,0.0
0.5,spatial_16,16,0,15,179,0,0.0
0.5,spatial_16,16,1,0,78,61,0.782051282051282
0.5,spatial_16,16,1,1,78,17,0.21794871794871795
0.5,spatial_16,16,1,2,78,0,0.0
0.5,spatial_16,16,1,3,78,0,0.0
0.5,spatial_16,16,1,4,78,0,0.0
0.5,spatial_16,16,1,5,78,0,0.0
0.5,spatial_16,16,1,6,78,0,0.0
0.5,spatial_16,16,1,7,78,0,0.0
0.5,spatial_16,16,1,8,78,0,0.0
0.5,spatial_16,16,1,9,78,0,0.0
0.5,spatial_16,16,1,10,78,0,0.0
0.5,spatial_16,16,1,11,78,0,0.0
0.5,spatial_16,16,1,12,78,0,0.0
0.5,spatial_16,16,1,13,78,0,0.0
0.5,spatial_16,16,1,14,78,0,0.0
0.5,spatial_16,16,1,15,78,0,0.0
0.5,spatial_16,16,2,0,75,0,0.0
0.5,spatial_16,16,2,1,75,52,0.6933333333333334
0.5,spatial_16,16,2,2,75,21,0.28
0.5,spatial_16,16,2,3,75,0,0.0
0.5,spatial_16,16,2,4,75,0,0.0
0.5,spatial_16,16,2,5,75,0,0.0
0.5,spatial_16,16,2,6,75,0,0.0
0.5,spatial_16,16,2,7,75,0,0.0
0.5,spatial_16,16,2,8,75,0,0.0
0.5,spatial_16,16,2,9,75,0,0.0
0.5,spatial_16,16,2,10,75,0,0.0
0.5,spatial_16,16,2,11,75,0,0.0
0.5,spatial_16,16,2,12,75,0,0.0
0.5,spatial_16,16,2,13,75,0,0.0
0.5,spatial_16,16,2,14,75,0,0.0
0.5,spatial_16,16,2,15,75,0,0.0
0.5,spatial_16,16,3,0,64,0,0.0
0.5,spatial_16,16,3,1,64,0,0.0
0.5,spatial_16,16,3,2,64,46,0.71875
0.5,spatial_16,16,3,3,64,14,0.21875
0.5,spatial_16,16,3,4,64,0,0.0
0.5,spatial_16,16,3,5,64,0,0.0
0.5,spatial_16,16,3,6,64,0,0.0
0.5,spatial_16,16,3,7,64,0,0.0
0.5,spatial_16,16,3,8,64,0,0.0
0.5,spatial_16,16,3,9,64,0,0.0
0.5,spatial_16,16,3,10,64,0,0.0
0.5,spatial_16,16,3,11,64,0,0.0
0.5,spatial_16,16,3,12,64,0,0.0
0.5,spatial_16,16,3,13,64,0,0.0
0.5,spatial_16,16,3,14,64,0,0.0
0.5,spatial_16,16,3,15,64,0,0.0
0.5,spatial_16,16,4,0,61,0,0.0
0.5,spatial_16,16,4,1,61,0,0.0
0.5,spatial_16,16,4,2,61,0,0.0
0.5,spatial_16,16,4,3,61,43,0.7049180327868853
0.5,spatial_16,16,4,4,61,14,0.22950819672131148
0.5,spatial_16,16,4,5,61,0,0.0
0.5,spatial_16,16,4,6,61,0,0.0
0.5,spatial_16,16,4,7,61,0,0.0
0.5,spatial_16,16,4,8,61,0,0.0
0.5,spatial_16,16,4,9,61,0,0.0
0.5,spatial_16,16,4,10,61,0,0.0
0.5,spatial_16,16,4,11,61,0,0.0
0.5,spatial_16,16,4,12,61,0,0.0
0.5,spatial_16,16,4,13,61,0,0.0
0.5,spatial_16,16,4,14,61,0,0.0
0.5,spatial_16,16,4,15,61,0,0.0
0.5,spatial_16,16,5,0,54,0,0.0
0.5,spatial_16,16,5,1,54,0,0.0
0.5,spatial_16,16,5,2,54,0,0.0
0.5,spatial_16,16,5,3,54,0,0.0
0.5,spatial_16,16,5,4,54,37,0.6851851851851852
0.5,spatial_16,16,5,5,54,12,0.2222222222222222
0.5,spatial_16,16,5,6,54,0,0.0
0.5,spatial_16,16,5,7,54,0,0.0
0.5,spatial_16,16,5,8,54,0,0.0
0.5,spatial_16,16,5,9,54,0,0.0
0.5,spatial_16,16,5,10,54,0,0.0
0.5,spatial_16,16,5,11,54,0,0.0
0.5,spatial_16,16,5,12,54,0,0.0
0.5,spatial_16,16,5,13,54,0,0.0
0.5,spatial_16,16,5,14,54,0,0.0
0.5,spatial_16,16,5,15,54,0,0.0
0.5,spatial_16,16,6,0,56,0,0.0
0.5,spatial_16,16,6,1,56,0,0.0
0.5,spatial_16,16,6,2,56,0,0.0
0.5,spatial_16,16,6,3,56,0,0.0
0.5,spatial_16,16,6,4,56,0,0.0
0.5,spatial_16,16,6,5,56,38,0.6785714285714286
0.5,spatial_16,16,6,6,56,14,0.25
0.5,spatial_16,16,6,7,56,0,0.0
0.5,spatial_16,16,6,8,56,0,0.0
0.5,spatial_16,16,6,9,56,0,0.0
0.5,spatial_16,16,6,10,56,0,0.0
0.5,spatial_16,16,6,11,56,0,0.0
0.5,spatial_16,16,6,12,56,0,0.0
0.5,spatial_16,16,6,13,56,0,0.0
0.5,spatial_16,16,6,14,56,0,0.0
0.5,spatial_16,16,6,15,56,0,0.0
0.5,spatial_16,16,7,0,52,0,0.0
0.5,spatial_16,16,7,1,52,0,0.0
0.5,spatial_16,16,7,2,52,0,0.0
0.5,spatial_16,16,7,3,52,0,0.0
0.5,spatial_16,16,7,4,52,0,0.0
0.5,spatial_16,16,7,5,52,0,0.0
0.5,spatial_16,16,7,6,52,37,0.7115384615384616
0.5,spatial_16,16,7,7,52,11,0.21153846153846154
0.5,spatial_16,16,7,8,52,1,0.019230769230769232
0.5,spatial_16,16,7,9,52,0,0.0
0.5,spatial_16,16,7,10,52,0,0.0
0.5,spatial_16,16,7,11,52,0,0.0
0.5,spatial_16,16,7,12,52,0,0.0
0.5,spatial_16,16,7,13,52,0,0.0
0.5,spatial_16,16,7,14,52,0,0.0
0.5,spatial_16,16,7,15,52,0,0.0
0.5,spatial_16,16,8,0,49,0,0.0
0.5,spatial_16,16,8,1,49,0,0.0
0.5,spatial_16,16,8,2,49,0,0.0
0.5,spatial_16,16,8,3,49,0,0.0
0.5,spatial_16,16,8,4,49,0,0.0
0.5,spatial_16,16,8,5,49,0,0.0
0.5,spatial_16,16,8,6,49,0,0.0
0.5,spatial_16,16,8,7,49,33,0.673469387755102
0.5,spatial_16,16,8,8,49,11,0.22448979591836735
0.5,spatial_16,16,8,9,49,0,0.0
0.5,spatial_16,16,8,10,49,0,0.0
0.5,spatial_16,16,8,11,49,0,0.0
0.5,spatial_16,16,8,12,49,0,0.0
0.5,spatial_16,16,8,13,49,0,0.0
0.5,spatial_16,16,8,14,49,0,0.0
0.5,spatial_16,16,8,15,49,0,0.0
0.5,spatial_16,16,9,0,43,0,0.0
0.5,spatial_16,16,9,1,43,0,0.0
0.5,spatial_16,16,9,2,43,0,0.0
0.5,spatial_16,16,9,3,43,0,0.0
0.5,spatial_16,16,9,4,43,0,0.0
0.5,spatial_16,16,9,5,43,0,0.0
0.5,spatial_16,16,9,6,43,0,0.0
0.5,spatial_16,16,9,7,43,0,0.0
0.5,spatial_16,16,9,8,43,32,0.7441860465116279
0.5,spatial_16,16,9,9,43,7,0.16279069767441862
0.5,spatial_16,16,9,10,43,0,0.0
0.5,spatial_16,16,9,11,43,0,0.0
0.5,spatial_16,16,9,12,43,0,0.0
0.5,spatial_16,16,9,13,43,0,0.0
0.5,spatial_16,16,9,14,43,0,0.0
0.5,spatial_16,16,9,15,43,0,0.0
0.5,spatial_16,16,10,0,40,0,0.0
0.5,spatial_16,16,10,1,40,0,0.0
0.5,spatial_16,16,10,2,40,0,0.0
0.5,spatial_16,16,10,3,40,0,0.0
0.5,spatial_16,16,10,4,40,0,0.0
0.5,spatial_16,16,10,5,40,0,0.0
0.5,spatial_16,16,10,6,40,0,0.0
0.5,spatial_16,16,10,7,40,0,0.0
0.5,spatial_16,16,10,8,40,0,0.0
0.5,spatial_16,16,10,9,40,31,0.775
0.5,spatial_16,16,10,10,40,7,0.175
0.5,spatial_16,16,10,11,40,0,0.0
0.5,spatial_16,16,10,12,40,0,0.0
0.5,spatial_16,16,10,13,40,0,0.0
0.5,spatial_16,16,10,14,40,0,0.0
0.5,spatial_16,16,10,15,40,0,0.0
0.5,spatial_16,16,11,0,36,0,0.0
0.5,spatial_16,16,11,1,36,0,0.0
0.5,spatial_16,16,11,2,36,0,0.0
0.5,spatial_16,16,11,3,36,0,0.0
0.5,spatial_16,16,11,4,36,0,0.0
0.5,spatial_16,16,11,5,36,0,0.0
0.5,spatial_16,16,11,6,36,0,0.0
0.5,spatial_16,16,11,7,36,0,0.0
0.5,spatial_16,16,11,8,36,0,0.0
0.5,spatial_16,16,11,9,36,0,0.0
0.5,spatial_16,16,11,10,36,27,0.75
0.5,spatial_16,16,11,11,36,6,0.16666666666666666
0.5,spatial_16,16,11,12,36,0,0.0
0.5,spatial_16,16,11,13,36,0,0.0
0.5,spatial_16,16,11,14,36,0,0.0
0.5,spatial_16,16,11,15,36,0,0.0
0.5,spatial_16,16,12,0,23,0,0.0
0.5,spatial_16,16,12,1,23,0,0.0
0.5,spatial_16,16,12,2,23,0,0.0
0.5,spatial_16,16,12,3,23,0,0.0
0.5,spatial_16,16,12,4,23,0,0.0
0.5,spatial_16,16,12,5,23,0,0.0
0.5,spatial_16,16,12,6,23,0,0.0
0.5,spatial_16,16,12,7,23,0,0.0
0.5,spatial_16,16,12,8,23,0,0.0
0.5,spatial_16,16,12,9,23,0,0.0
0.5,spatial_16,16,12,10,23,0,0.0
0.5,spatial_16,16,12,11,23,21,0.9130434782608695
0.5,spatial_16,16,12,12,23,1,0.043478260869565216
0.5,spatial_16,16,12,13,23,0,0.0
0.5,spatial_16,16,12,14,23,0,0.0
0.5,spatial_16,16,12,15,23,0,0.0
0.5,spatial_16,16,13,0,18,0,0.0
0.5,spatial_16,16,13,1,18,0,0.0
0.5,spatial_16,16,13,2,18,0,0.0
0.5,spatial_16,16,13,3,18,0,0.0
0.5,spatial_16,16,13,4,18,0,0.0
0.5,spatial_16,16,13,5,18,0,0.0
0.5,spatial_16,16,13,6,18,0,0.0
0.5,spatial_16,16,13,7,18,0,0.0
0.5,spatial_16,16,13,8,18,0,0.0
0.5,spatial_16,16,13,9,18,0,0.0
0.5,spatial_16,16,13,10,18,0,0.0
0.5,spatial_16,16,13,11,18,0,0.0
0.5,spatial_16,16,13,12,18,15,0.8333333333333334
0.5,spatial_16,16,13,13,18,1,0.05555555555555555
0.5,spatial_16,16,13,14,18,0,0.0
0.5,spatial_16,16,13,15,18,0,0.0
0.5,spatial_16,16,14,0,7,0,0.0
0.5,spatial_16,16,14,1,7,0,0.0
0.5,spatial_16,16,14,2,7,0,0.0
0.5,spatial_16,16,14,3,7,0,0.0
0.5,spatial_16,16,14,4,7,0,0.0
0.5,spatial_16,16,14,5,7,0,0.0
0.5,spatial_16,16,14,6,7,0,0.0
0.5,spatial_16,16,14,7,7,0,0.0
0.5,spatial_16,16,14,8,7,0,0.0
0.5,spatial_16,16,14,9,7,0,0.0
0.5,spatial_16,16,14,10,7,0,0.0
0.5,spatial_16,16,14,11,7,0,0.0
0.5,spatial_16,16,14,12,7,0,0.0
0.5,spatial_16,16,14,13,7,7,1.0
0.5,spatial_16,16,14,14,7,0,0.0
0.5,spatial_16,16,14,15,7,0,0.0
0.5,spatial_16,16,15,0,0,0,0.0
0.5,spatial_16,16,15,1,0,0,0.0
0.5,spatial_16,16,15,2,0,0,0.0
0.5,spatial_16,16,15,3,0,0,0.0
0.5,spatial_16,16,15,4,0,0,0.0
0.5,spatial_16,16,15,5,0,0,0.0
0.5,spatial_16,16,15,6,0,0,0.0
0.5,spatial_16,16,15,7,0,0,0.0
0.5,spatial_16,16,15,8,0,0,0.0
0.5,spatial_16,16,15,9,0,0,0.0
0.5,spatial_16,16,15,10,0,0,0.0
0.5,spatial_16,16,15,11,0,0,0.0
0.5,spatial_16,16,15,12,0,0,0.0
0.5,spatial_16,16,15,13,0,0,0.0
0.5,spatial_16,16,15,14,0,0,0.0
0.5,spatial_16,16,15,15,0,0,0.0
0.5,root_gate_control,16,0,0,10,5,0.5
0.5,root_gate_control,16,0,1,10,0,0.0
0.5,root_gate_control,16,0,2,10,0,0.0
0.5,root_gate_control,16,0,3,10,0,0.0
0.5,root_gate_control,16,0,4,10,0,0.0
0.5,root_gate_control,16,0,5,10,0,0.0
0.5,root_gate_control,16,0,6,10,0,0.0
0.5,root_gate_control,16,0,7,10,0,0.0
0.5,root_gate_control,16,0,8,10,0,0.0
0.5,root_gate_control,16,0,9,10,0,0.0
0.5,root_gate_control,16,0,10,10,0,0.0
0.5,root_gate_control,16,0,11,10,0,0.0
0.5,root_gate_control,16,0,12,10,0,0.0
0.5,root_gate_control,16,0,13,10,0,0.0
0.5,root_gate_control,16,0,14,10,0,0.0
0.5,root_gate_control,16,0,15,10,0,0.0
0.5,root_gate_control,16,1,0,27,0,0.0
0.5,root_gate_control,16,1,1,27,18,0.6666666666666666
0.5,root_gate_control,16,1,2,27,0,0.0
0.5,root_gate_control,16,1,3,27,0,0.0
0.5,root_gate_control,16,1,4,27,0,0.0
0.5,root_gate_control,16,1,5,27,0,0.0
0.5,root_gate_control,16,1,6,27,0,0.0
0.5,root_gate_control,16,1,7,27,0,0.0
0.5,root_gate_control,16,1,8,27,0,0.0
0.5,root_gate_control,16,1,9,27,0,0.0
0.5,root_gate_control,16,1,10,27,0,0.0
0.5,root_gate_control,16,1,11,27,0,0.0
0.5,root_gate_control,16,1,12,27,0,0.0
0.5,root_gate_control,16,1,13,27,0,0.0
0.5,root_gate_control,16,1,14,27,0,0.0
0.5,root_gate_control,16,1,15,27,0,0.0
0.5,root_gate_control,16,2,0,20,0,0.0
0.5,root_gate_control,16,2,1,20,0,0.0
0.5,root_gate_control,16,2,2,20,16,0.8
0.5,root_gate_control,16,2,3,20,0,0.0
0.5,root_gate_control,16,2,4,20,0,0.0
0.5,root_gate_control,16,2,5,20,0,0.0
0.5,root_gate_control,16,2,6,20,0,0.0
0.5,root_gate_control,16,2,7,20,0,0.0
0.5,root_gate_control,16,2,8,20,0,0.0
0.5,root_gate_control,16,2,9,20,0,0.0
0.5,root_gate_control,16,2,10,20,0,0.0
0.5,root_gate_control,16,2,11,20,0,0.0
0.5,root_gate_control,16,2,12,20,0,0.0
0.5,root_gate_control,16,2,13,20,0,0.0
0.5,root_gate_control,16,2,14,20,0,0.0
0.5,root_gate_control,16,2,15,20,0,0.0
0.5,root_gate_control,16,3,0,40,0,0.0
0.5,root_gate_control,16,3,1,40,0,0.0
0.5,root_gate_control,16,3,2,40,0,0.0
0.5,root_gate_control,16,3,3,40,34,0.85
0.5,root_gate_control,16,3,4,40,0,0.0
0.5,root_gate_control,16,3,5,40,0,0.0
0.5,root_gate_control,16,3,6,40,0,0.0
0.5,root_gate_control,16,3,7,40,0,0.0
0.5,root_gate_control,16,3,8,40,0,0.0
0.5,root_gate_control,16,3,9,40,0,0.0
0.5,root_gate_control,16,3,10,40,0,0.0
0.5,root_gate_control,16,3,11,40,0,0.0
0.5,root_gate_control,16,3,12,40,0,0.0
0.5,root_gate_control,16,3,13,40,0,0.0
0.5,root_gate_control,16,3,14,40,0,0.0
0.5,root_gate_control,16,3,15,40,0,0.0
0.5,root_gate_control,16,4,0,46,0,0.0
0.5,root_gate_control,16,4,1,46,0,0.0
0.5,root_gate_control,16,4,2,46,0,0.0
0.5,root_gate_control,16,4,3,46,0,0.0
0.5,root_gate_control,16,4,4,46,40,0.8695652173913043
0.5,root_gate_control,16,4,5,46,0,0.0
0.5,root_gate_control,16,4,6,46,0,0.0
0.5,root_gate_control,16,4,7,46,0,0.0
0.5,root_gate_control,16,4,8,46,0,0.0
0.5,root_gate_control,16,4,9,46,0,0.0
0.5,root_gate_control,16,4,10,46,0,0.0
0.5,root_gate_control,16,4,11,46,0,0.0
0.5,root_gate_control,16,4,12,46,0,0.0
0.5,root_gate_control,16,4,13,46,0,0.0
0.5,root_gate_control,16,4,14,46,0,0.0
0.5,root_gate_control,16,4,15,46,0,0.0
0.5,root_gate_control,16,5,0,86,0,0.0
0.5,root_gate_control,16,5,1,86,0,0.0
0.5,root_gate_control,16,5,2,86,0,0.0
0.5,root_gate_control,16,5,3,86,0,0.0
0.5,root_gate_control,16,5,4,86,0,0.0
0.5,root_gate_control,16,5,5,86,76,0.8837209302325582
0.5,root_gate_control,16,5,6,86,0,0.0
0.5,root_gate_control,16,5,7,86,0,0.0
0.5,root_gate_control,16,5,8,86,0,0.0
0.5,root_gate_control,16,5,9,86,0,0.0
0.5,root_gate_control,16,5,10,86,0,0.0
0.5,root_gate_control,16,5,11,86,0,0.0
0.5,root_gate_control,16,5,12,86,0,0.0
0.5,root_gate_control,16,5,13,86,0,0.0
0.5,root_gate_control,16,5,14,86,0,0.0
0.5,root_gate_control,16,5,15,86,0,0.0
0.5,root_gate_control,16,6,0,20,0,0.0
0.5,root_gate_control,16,6,1,20,0,0.0
0.5,root_gate_control,16,6,2,20,0,0.0
0.5,root_gate_control,16,6,3,20,0,0.0
0.5,root_gate_control,16,6,4,20,0,0.0
0.5,root_gate_control,16,6,5,20,0,0.0
0.5,root_gate_control,16,6,6,20,16,0.8
0.5,root_gate_control,16,6,7,20,0,0.0
0.5,root_gate_control,16,6,8,20,0,0.0
0.5,root_gate_control,16,6,9,20,0,0.0
0.5,root_gate_control,16,6,10,20,0,0.0
0.5,root_gate_control,16,6,11,20,0,0.0
0.5,root_gate_control,16,6,12,20,0,0.0
0.5,root_gate_control,16,6,13,20,0,0.0
0.5,root_gate_control,16,6,14,20,0,0.0
0.5,root_gate_control,16,6,15,20,0,0.0
0.5,root_gate_control,16,7,0,29,0,0.0
0.5,root_gate_control,16,7,1,29,0,0.0
0.5,root_gate_control,16,7,2,29,0,0.0
0.5,root_gate_control,16,7,3,29,0,0.0
0.5,root_gate_control,16,7,4,29,0,0.0
0.5,root_gate_control,16,7,5,29,0,0.0
0.5,root_gate_control,16,7,6,29,0,0.0
0.5,root_gate_control,16,7,7,29,25,0.8620689655172413
0.5,root_gate_control,16,7,8,29,0,0.0
0.5,root_gate_control,16,7,9,29,0,0.0
0.5,root_gate_control,16,7,10,29,0,0.0
0.5,root_gate_control,16,7,11,29,0,0.0
0.5,root_gate_control,16,7,12,29,0,0.0
0.5,root_gate_control,16,7,13,29,0,0.0
0.5,root_gate_control,16,7,14,29,0,0.0
0.5,root_gate_control,16,7,15,29,0,0.0
0.5,root_gate_control,16,8,0,62,0,0.0
0.5,root_gate_control,16,8,1,62,0,0.0
0.5,root_gate_control,16,8,2,62,0,0.0
0.5,root_gate_control,16,8,3,62,0,0.0
0.5,root_gate_control,16,8,4,62,0,0.0
0.5,root_gate_control,16,8,5,62,0,0.0
0.5,root_gate_control,16,8,6,62,0,0.0
0.5,root_gate_control,16,8,7,62,0,0.0
0.5,root_gate_control,16,8,8,62,54,0.8709677419354839
0.5,root_gate_control,16,8,9,62,0,0.0
0.5,root_gate_control,16,8,10,62,0,0.0
0.5,root_gate_control,16,8,11,62,0,0.0
0.5,root_gate_control,16,8,12,62,0,0.0
0.5,root_gate_control,16,8,13,62,0,0.0
0.5,root_gate_control,16,8,14,62,0,0.0
0.5,root_gate_control,16,8,15,62,0,0.0
0.5,root_gate_control,16,9,0,54,0,0.0
0.5,root_gate_control,16,9,1,54,0,0.0
0.5,root_gate_control,16,9,2,54,0,0.0
0.5,root_gate_control,16,9,3,54,0,0.0
0.5,root_gate_control,16,9,4,54,0,0.0
0.5,root_gate_control,16,9,5,54,0,0.0
0.5,root_gate_control,16,9,6,54,0,0.0
0.5,root_gate_control,16,9,7,54,0,0.0
0.5,root_gate_control,16,9,8,54,0,0.0
0.5,root_gate_control,16,9,9,54,49,0.9074074074074074
0.5,root_gate_control,16,9,10,54,0,0.0
0.5,root_gate_control,16,9,11,54,0,0.0
0.5,root_gate_control,16,9,12,54,0,0.0
0.5,root_gate_control,16,9,13,54,0,0.0
0.5,root_gate_control,16,9,14,54,0,0.0
0.5,root_gate_control,16,9,15,54,0,0.0
0.5,root_gate_control,16,10,0,59,0,0.0
0.5,root_gate_control,16,10,1,59,0,0.0
0.5,root_gate_control,16,10,2,59,0,0.0
0.5,root_gate_control,16,10,3,59,0,0.0
0.5,root_gate_control,16,10,4,59,0,0.0
0.5,root_gate_control,16,10,5,59,0,0.0
0.5,root_gate_control,16,10,6,59,0,0.0
0.5,root_gate_control,16,10,7,59,0,0.0
0.5,root_gate_control,16,10,8,59,0,0.0
0.5,root_gate_control,16,10,9,59,0,0.0
0.5,root_gate_control,16,10,10,59,54,0.9152542372881356
0.5,root_gate_control,16,10,11,59,0,0.0
0.5,root_gate_control,16,10,12,59,0,0.0
0.5,root_gate_control,16,10,13,59,0,0.0
0.5,root_gate_control,16,10,14,59,0,0.0
0.5,root_gate_control,16,10,15,59,0,0.0
0.5,root_gate_control,16,11,0,69,0,0.0
0.5,root_gate_control,16,11,1,69,0,0.0
0.5,root_gate_control,16,11,2,69,0,0.0
0.5,root_gate_control,16,11,3,69,0,0.0
0.5,root_gate_control,16,11,4,69,0,0.0
0.5,root_gate_control,16,11,5,69,0,0.0
0.5,root_gate_control,16,11,6,69,0,0.0
0.5,root_gate_control,16,11,7,69,0,0.0
0.5,root_gate_control,16,11,8,69,0,0.0
0.5,root_gate_control,16,11,9,69,0,0.0
0.5,root_gate_control,16,11,10,69,0,0.0
0.5,root_gate_control,16,11,11,69,63,0.9130434782608695
0.5,root_gate_control,16,11,12,69,0,0.0
0.5,root_gate_control,16,11,13,69,0,0.0
0.5,root_gate_control,16,11,14,69,0,0.0
0.5,root_gate_control,16,11,15,69,0,0.0
0.5,root_gate_control,16,12,0,91,0,0.0
0.5,root_gate_control,16,12,1,91,0,0.0
0.5,root_gate_control,16,12,2,91,0,0.0
0.5,root_gate_control,16,12,3,91,0,0.0
0.5,root_gate_control,16,12,4,91,0,0.0
0.5,root_gate_control,16,12,5,91,0,0.0
0.5,root_gate_control,16,12,6,91,0,0.0
0.5,root_gate_control,16,12,7,91,0,0.0
0.5,root_gate_control,16,12,8,91,0,0.0
0.5,root_gate_control,16,12,9,91,0,0.0
0.5,root_gate_control,16,12,10,91,0,0.0
0.5,root_gate_control,16,12,11,91,0,0.0
0.5,root_gate_control,16,12,12,91,82,0.9010989010989011
0.5,root_gate_control,16,12,13,91,0,0.0
0.5,root_gate_control,16,12,14,91,0,0.0
0.5,root_gate_control,16,12,15,91,0,0.0
0.5,root_gate_control,16,13,0,77,0,0.0
0.5,root_gate_control,16,13,1,77,0,0.0
0.5,root_gate_control,16,13,2,77,0,0.0
0.5,root_gate_control,16,13,3,77,0,0.0
0.5,root_gate_control,16,13,4,77,0,0.0
0.5,root_gate_control,16,13,5,77,0,0.0
0.5,root_gate_control,16,13,6,77,0,0.0
0.5,root_gate_control,16,13,7,77,0,0.0
0.5,root_gate_control,16,13,8,77,0,0.0
0.5,root_gate_control,16,13,9,77,0,0.0
0.5,root_gate_control,16,13,10,77,0,0.0
0.5,root_gate_control,16,13,11,77,0,0.0
0.5,root_gate_control,16,13,12,77,0,0.0
0.5,root_gate_control,16,13,13,77,70,0.9090909090909091
0.5,root_gate_control,16,13,14,77,0,0.0
0.5,root_gate_control,16,13,15,77,0,0.0
0.5,root_gate_control,16,14,0,80,0,0.0
0.5,root_gate_control,16,14,1,80,0,0.0
0.5,root_gate_control,16,14,2,80,0,0.0
0.5,root_gate_control,16,14,3,80,0,0.0
0.5,root_gate_control,16,14,4,80,0,0.0
0.5,root_gate_control,16,14,5,80,0,0.0
0.5,root_gate_control,16,14,6,80,0,0.0
0.5,root_gate_control,16,14,7,80,0,0.0
0.5,root_gate_control,16,14,8,80,0,0.0
0.5,root_gate_control,16,14,9,80,0,0.0
0.5,root_gate_control,16,14,10,80,0,0.0
0.5,root_gate_control,16,14,11,80,0,0.0
0.5,root_gate_control,16,14,12,80,0,0.0
0.5,root_gate_control,16,14,13,80,0,0.0
0.5,root_gate_control,16,14,14,80,72,0.9
0.5,root_gate_control,16,14,15,80,0,0.0
0.5,root_gate_control,16,15,0,65,0,0.0
0.5,root_gate_control,16,15,1,65,0,0.0
0.5,root_gate_control,16,15,2,65,0,0.0
0.5,root_gate_control,16,15,3,65,0,0.0
0.5,root_gate_control,16,15,4,65,0,0.0
0.5,root_gate_control,16,15,5,65,0,0.0
0.5,root_gate_control,16,15,6,65,0,0.0
0.5,root_gate_control,16,15,7,65,0,0.0
0.5,root_gate_control,16,15,8,65,0,0.0
0.5,root_gate_control,16,15,9,65,0,0.0
0.5,root_gate_control,16,15,10,65,0,0.0
0.5,root_gate_control,16,15,11,65,0,0.0
0.5,root_gate_control,16,15,12,65,0,0.0
0.5,root_gate_control,16,15,13,65,0,0.0
0.5,root_gate_control,16,15,14,65,0,0.0
0.5,root_gate_control,16,15,15,65,56,0.8615384615384616
0.6,scalar,1,0,0,828,724,0.8743961352657005
0.6,severity_SR,2,0,0,300,211,0.7033333333333334
0.6,severity_SR,2,0,1,300,66,0.22
0.6,severity_SR,2,1,0,528,1,0.001893939393939394
0.6,severity_SR,2,1,1,528,446,0.8446969696969697
0.6,spatial_4,4,0,0,394,322,0.817258883248731
0.6,spatial_4,4,0,1,394,0,0.0
0.6,spatial_4,4,0,2,394,0,0.0
0.6,spatial_4,4,0,3,394,0,0.0
0.6,spatial_4,4,1,0,220,43,0.19545454545454546
0.6,spatial_4,4,1,1,220,161,0.7318181818181818
0.6,spatial_4,4,1,2,220,1,0.004545454545454545
0.6,spatial_4,4,1,3,220,0,0.0
0.6,spatial_4,4,2,0,165,0,0.0
0.6,spatial_4,4,2,1,165,32,0.19393939393939394
0.6,spatial_4,4,2,2,165,119,0.7212121212121212
0.6,spatial_4,4,2,3,165,0,0.0
0.6,spatial_4,4,3,0,49,0,0.0
0.6,spatial_4,4,3,1,49,0,0.0
0.6,spatial_4,4,3,2,49,21,0.42857142857142855
0.6,spatial_4,4,3,3,49,25,0.5102040816326531
0.6,spatial_8,8,0,0,255,189,0.7411764705882353
0.6,spatial_8,8,0,1,255,0,0.0
0.6,spatial_8,8,0,2,255,0,0.0
0.6,spatial_8,8,0,3,255,0,0.0
0.6,spatial_8,8,0,4,255,0,0.0
0.6,spatial_8,8,0,5,255,0,0.0
0.6,spatial_8,8,0,6,255,0,0.0
0.6,spatial_8,8,0,7,255,0,0.0
0.6,spatial_8,8,1,0,139,52,0.37410071942446044
0.6,spatial_8,8,1,1,139,81,0.5827338129496403
0.6,spatial_8,8,1,2,139,0,0.0
0.6,spatial_8,8,1,3,139,0,0.0
0.6,spatial_8,8,1,4,139,0,0.0
0.6,spatial_8,8,1,5,139,0,0.0
0.6,spatial_8,8,1,6,139,0,0.0
0.6,spatial_8,8,1,7,139,0,0.0
0.6,spatial_8,8,2,0,114,0,0.0
0.6,spatial_8,8,2,1,114,43,0.37719298245614036
0.6,spatial_8,8,2,2,114,62,0.543859649122807
0.6,spatial_8,8,2,3,114,0,0.0
0.6,spatial_8,8,2,4,114,0,0.0
0.6,spatial_8,8,2,5,114,0,0.0
0.6,spatial_8,8,2,6,114,0,0.0
0.6,spatial_8,8,2,7,114,0,0.0
0.6,spatial_8,8,3,0,106,0,0.0
0.6,spatial_8,8,3,1,106,0,0.0
0.6,spatial_8,8,3,2,106,38,0.3584905660377358
0.6,spatial_8,8,3,3,106,61,0.5754716981132075
0.6,spatial_8,8,3,4,106,1,0.009433962264150943
0.6,spatial_8,8,3,5,106,0,0.0
0.6,spatial_8,8,3,6,106,0,0.0
0.6,spatial_8,8,3,7,106,0,0.0
0.6,spatial_8,8,4,0,90,0,0.0
0.6,spatial_8,8,4,1,90,0,0.0
0.6,spatial_8,8,4,2,90,0,0.0
0.6,spatial_8,8,4,3,90,32,0.35555555555555557
0.6,spatial_8,8,4,4,90,50,0.5555555555555556
0.6,spatial_8,8,4,5,90,0,0.0
0.6,spatial_8,8,4,6,90,0,0.0
0.6,spatial_8,8,4,7,90,0,0.0
0.6,spatial_8,8,5,0,75,0,0.0
0.6,spatial_8,8,5,1,75,0,0.0
0.6,spatial_8,8,5,2,75,0,0.0
0.6,spatial_8,8,5,3,75,0,0.0
0.6,spatial_8,8,5,4,75,30,0.4
0.6,spatial_8,8,5,5,75,39,0.52
0.6,spatial_8,8,5,6,75,0,0.0
0.6,spatial_8,8,5,7,75,0,0.0
0.6,spatial_8,8,6,0,42,0,0.0
0.6,spatial_8,8,6,1,42,0,0.0
0.6,spatial_8,8,6,2,42,0,0.0
0.6,spatial_8,8,6,3,42,0,0.0
0.6,spatial_8,8,6,4,42,0,0.0
0.6,spatial_8,8,6,5,42,21,0.5
0.6,spatial_8,8,6,6,42,18,0.42857142857142855
0.6,spatial_8,8,6,7,42,0,0.0
0.6,spatial_8,8,7,0,7,0,0.0
0.6,spatial_8,8,7,1,7,0,0.0
0.6,spatial_8,8,7,2,7,0,0.0
0.6,spatial_8,8,7,3,7,0,0.0
0.6,spatial_8,8,7,4,7,0,0.0
0.6,spatial_8,8,7,5,7,0,0.0
0.6,spatial_8,8,7,6,7,7,1.0
0.6,spatial_8,8,7,7,7,0,0.0
0.6,spatial_16,16,0,0,177,111,0.6271186440677966
0.6,spatial_16,16,0,1,177,0,0.0
0.6,spatial_16,16,0,2,177,0,0.0
0.6,spatial_16,16,0,3,177,0,0.0
0.6,spatial_16,16,0,4,177,0,0.0
0.6,spatial_16,16,0,5,177,0,0.0
0.6,spatial_16,16,0,6,177,0,0.0
0.6,spatial_16,16,0,7,177,0,0.0
0.6,spatial_16,16,0,8,177,0,0.0
0.6,spatial_16,16,0,9,177,0,0.0
0.6,spatial_16,16,0,10,177,0,0.0
0.6,spatial_16,16,0,11,177,0,0.0
0.6,spatial_16,16,0,12,177,0,0.0
0.6,spatial_16,16,0,13,177,0,0.0
0.6,spatial_16,16,0,14,177,0,0.0
0.6,spatial_16,16,0,15,177,0,0.0
0.6,spatial_16,16,1,0,78,61,0.782051282051282
0.6,spatial_16,16,1,1,78,17,0.21794871794871795
0.6,spatial_16,16,1,2,78,0,0.0
0.6,spatial_16,16,1,3,78,0,0.0
0.6,spatial_16,16,1,4,78,0,0.0
0.6,spatial_16,16,1,5,78,0,0.0
0.6,spatial_16,16,1,6,78,0,0.0
0.6,spatial_16,16,1,7,78,0,0.0
0.6,spatial_16,16,1,8,78,0,0.0
0.6,spatial_16,16,1,9,78,0,0.0
0.6,spatial_16,16,1,10,78,0,0.0
0.6,spatial_16,16,1,11,78,0,0.0
0.6,spatial_16,16,1,12,78,0,0.0
0.6,spatial_16,16,1,13,78,0,0.0
0.6,spatial_16,16,1,14,78,0,0.0
0.6,spatial_16,16,1,15,78,0,0.0
0.6,spatial_16,16,2,0,74,0,0.0
0.6,spatial_16,16,2,1,74,52,0.7027027027027027
0.6,spatial_16,16,2,2,74,20,0.2702702702702703
0.6,spatial_16,16,2,3,74,0,0.0
0.6,spatial_16,16,2,4,74,0,0.0
0.6,spatial_16,16,2,5,74,0,0.0
0.6,spatial_16,16,2,6,74,0,0.0
0.6,spatial_16,16,2,7,74,0,0.0
0.6,spatial_16,16,2,8,74,0,0.0
0.6,spatial_16,16,2,9,74,0,0.0
0.6,spatial_16,16,2,10,74,0,0.0
0.6,spatial_16,16,2,11,74,0,0.0
0.6,spatial_16,16,2,12,74,0,0.0
0.6,spatial_16,16,2,13,74,0,0.0
0.6,spatial_16,16,2,14,74,0,0.0
0.6,spatial_16,16,2,15,74,0,0.0
0.6,spatial_16,16,3,0,65,0,0.0
0.6,spatial_16,16,3,1,65,0,0.0
0.6,spatial_16,16,3,2,65,46,0.7076923076923077
0.6,spatial_16,16,3,3,65,15,0.23076923076923078
0.6,spatial_16,16,3,4,65,0,0.0
0.6,spatial_16,16,3,5,65,0,0.0
0.6,spatial_16,16,3,6,65,0,0.0
0.6,spatial_16,16,3,7,65,0,0.0
0.6,spatial_16,16,3,8,65,0,0.0
0.6,spatial_16,16,3,9,65,0,0.0
0.6,spatial_16,16,3,10,65,0,0.0
0.6,spatial_16,16,3,11,65,0,0.0
0.6,spatial_16,16,3,12,65,0,0.0
0.6,spatial_16,16,3,13,65,0,0.0
0.6,spatial_16,16,3,14,65,0,0.0
0.6,spatial_16,16,3,15,65,0,0.0
0.6,spatial_16,16,4,0,60,0,0.0
0.6,spatial_16,16,4,1,60,0,0.0
0.6,spatial_16,16,4,2,60,0,0.0
0.6,spatial_16,16,4,3,60,43,0.7166666666666667
0.6,spatial_16,16,4,4,60,13,0.21666666666666667
0.6,spatial_16,16,4,5,60,0,0.0
0.6,spatial_16,16,4,6,60,0,0.0
0.6,spatial_16,16,4,7,60,0,0.0
0.6,spatial_16,16,4,8,60,0,0.0
0.6,spatial_16,16,4,9,60,0,0.0
0.6,spatial_16,16,4,10,60,0,0.0
0.6,spatial_16,16,4,11,60,0,0.0
0.6,spatial_16,16,4,12,60,0,0.0
0.6,spatial_16,16,4,13,60,0,0.0
0.6,spatial_16,16,4,14,60,0,0.0
0.6,spatial_16,16,4,15,60,0,0.0
0.6,spatial_16,16,5,0,54,0,0.0
0.6,spatial_16,16,5,1,54,0,0.0
0.6,spatial_16,16,5,2,54,0,0.0
0.6,spatial_16,16,5,3,54,0,0.0
0.6,spatial_16,16,5,4,54,37,0.6851851851851852
0.6,spatial_16,16,5,5,54,12,0.2222222222222222
0.6,spatial_16,16,5,6,54,0,0.0
0.6,spatial_16,16,5,7,54,0,0.0
0.6,spatial_16,16,5,8,54,0,0.0
0.6,spatial_16,16,5,9,54,0,0.0
0.6,spatial_16,16,5,10,54,0,0.0
0.6,spatial_16,16,5,11,54,0,0.0
0.6,spatial_16,16,5,12,54,0,0.0
0.6,spatial_16,16,5,13,54,0,0.0
0.6,spatial_16,16,5,14,54,0,0.0
0.6,spatial_16,16,5,15,54,0,0.0
0.6,spatial_16,16,6,0,55,0,0.0
0.6,spatial_16,16,6,1,55,0,0.0
0.6,spatial_16,16,6,2,55,0,0.0
0.6,spatial_16,16,6,3,55,0,0.0
0.6,spatial_16,16,6,4,55,0,0.0
0.6,spatial_16,16,6,5,55,38,0.6909090909090909
0.6,spatial_16,16,6,6,55,14,0.2545454545454545
0.6,spatial_16,16,6,7,55,0,0.0
0.6,spatial_16,16,6,8,55,0,0.0
0.6,spatial_16,16,6,9,55,0,0.0
0.6,spatial_16,16,6,10,55,0,0.0
0.6,spatial_16,16,6,11,55,0,0.0
0.6,spatial_16,16,6,12,55,0,0.0
0.6,spatial_16,16,6,13,55,0,0.0
0.6,spatial_16,16,6,14,55,0,0.0
0.6,spatial_16,16,6,15,55,0,0.0
0.6,spatial_16,16,7,0,51,0,0.0
0.6,spatial_16,16,7,1,51,0,0.0
0.6,spatial_16,16,7,2,51,0,0.0
0.6,spatial_16,16,7,3,51,0,0.0
0.6,spatial_16,16,7,4,51,0,0.0
0.6,spatial_16,16,7,5,51,0,0.0
0.6,spatial_16,16,7,6,51,36,0.7058823529411765
0.6,spatial_16,16,7,7,51,11,0.21568627450980393
0.6,spatial_16,16,7,8,51,1,0.0196078431372549
0.6,spatial_16,16,7,9,51,0,0.0
0.6,spatial_16,16,7,10,51,0,0.0
0.6,spatial_16,16,7,11,51,0,0.0
0.6,spatial_16,16,7,12,51,0,0.0
0.6,spatial_16,16,7,13,51,0,0.0
0.6,spatial_16,16,7,14,51,0,0.0
0.6,spatial_16,16,7,15,51,0,0.0
0.6,spatial_16,16,8,0,48,0,0.0
0.6,spatial_16,16,8,1,48,0,0.0
0.6,spatial_16,16,8,2,48,0,0.0
0.6,spatial_16,16,8,3,48,0,0.0
0.6,spatial_16,16,8,4,48,0,0.0
0.6,spatial_16,16,8,5,48,0,0.0
0.6,spatial_16,16,8,6,48,0,0.0
0.6,spatial_16,16,8,7,48,32,0.6666666666666666
0.6,spatial_16,16,8,8,48,11,0.22916666666666666
0.6,spatial_16,16,8,9,48,0,0.0
0.6,spatial_16,16,8,10,48,0,0.0
0.6,spatial_16,16,8,11,48,0,0.0
0.6,spatial_16,16,8,12,48,0,0.0
0.6,spatial_16,16,8,13,48,0,0.0
0.6,spatial_16,16,8,14,48,0,0.0
0.6,spatial_16,16,8,15,48,0,0.0
0.6,spatial_16,16,9,0,42,0,0.0
0.6,spatial_16,16,9,1,42,0,0.0
0.6,spatial_16,16,9,2,42,0,0.0
0.6,spatial_16,16,9,3,42,0,0.0
0.6,spatial_16,16,9,4,42,0,0.0
0.6,spatial_16,16,9,5,42,0,0.0
0.6,spatial_16,16,9,6,42,0,0.0
0.6,spatial_16,16,9,7,42,0,0.0
0.6,spatial_16,16,9,8,42,32,0.7619047619047619
0.6,spatial_16,16,9,9,42,7,0.16666666666666666
0.6,spatial_16,16,9,10,42,0,0.0
0.6,spatial_16,16,9,11,42,0,0.0
0.6,spatial_16,16,9,12,42,0,0.0
0.6,spatial_16,16,9,13,42,0,0.0
0.6,spatial_16,16,9,14,42,0,0.0
0.6,spatial_16,16,9,15,42,0,0.0
0.6,spatial_16,16,10,0,39,0,0.0
0.6,spatial_16,16,10,1,39,0,0.0
0.6,spatial_16,16,10,2,39,0,0.0
0.6,spatial_16,16,10,3,39,0,0.0
0.6,spatial_16,16,10,4,39,0,0.0
0.6,spatial_16,16,10,5,39,0,0.0
0.6,spatial_16,16,10,6,39,0,0.0
0.6,spatial_16,16,10,7,39,0,0.0
0.6,spatial_16,16,10,8,39,0,0.0
0.6,spatial_16,16,10,9,39,30,0.7692307692307693
0.6,spatial_16,16,10,10,39,7,0.1794871794871795
0.6,spatial_16,16,10,11,39,0,0.0
0.6,spatial_16,16,10,12,39,0,0.0
0.6,spatial_16,16,10,13,39,0,0.0
0.6,spatial_16,16,10,14,39,0,0.0
0.6,spatial_16,16,10,15,39,0,0.0
0.6,spatial_16,16,11,0,36,0,0.0
0.6,spatial_16,16,11,1,36,0,0.0
0.6,spatial_16,16,11,2,36,0,0.0
0.6,spatial_16,16,11,3,36,0,0.0
0.6,spatial_16,16,11,4,36,0,0.0
0.6,spatial_16,16,11,5,36,0,0.0
0.6,spatial_16,16,11,6,36,0,0.0
0.6,spatial_16,16,11,7,36,0,0.0
0.6,spatial_16,16,11,8,36,0,0.0
0.6,spatial_16,16,11,9,36,0,0.0
0.6,spatial_16,16,11,10,36,26,0.7222222222222222
0.6,spatial_16,16,11,11,36,6,0.16666666666666666
0.6,spatial_16,16,11,12,36,0,0.0
0.6,spatial_16,16,11,13,36,0,0.0
0.6,spatial_16,16,11,14,36,0,0.0
0.6,spatial_16,16,11,15,36,0,0.0
0.6,spatial_16,16,12,0,24,0,0.0
0.6,spatial_16,16,12,1,24,0,0.0
0.6,spatial_16,16,12,2,24,0,0.0
0.6,spatial_16,16,12,3,24,0,0.0
0.6,spatial_16,16,12,4,24,0,0.0
0.6,spatial_16,16,12,5,24,0,0.0
0.6,spatial_16,16,12,6,24,0,0.0
0.6,spatial_16,16,12,7,24,0,0.0
0.6,spatial_16,16,12,8,24,0,0.0
0.6,spatial_16,16,12,9,24,0,0.0
0.6,spatial_16,16,12,10,24,0,0.0
0.6,spatial_16,16,12,11,24,21,0.875
0.6,spatial_16,16,12,12,24,2,0.08333333333333333
0.6,spatial_16,16,12,13,24,0,0.0
0.6,spatial_16,16,12,14,24,0,0.0
0.6,spatial_16,16,12,15,24,0,0.0
0.6,spatial_16,16,13,0,18,0,0.0
0.6,spatial_16,16,13,1,18,0,0.0
0.6,spatial_16,16,13,2,18,0,0.0
0.6,spatial_16,16,13,3,18,0,0.0
0.6,spatial_16,16,13,4,18,0,0.0
0.6,spatial_16,16,13,5,18,0,0.0
0.6,spatial_16,16,13,6,18,0,0.0
0.6,spatial_16,16,13,7,18,0,0.0
0.6,spatial_16,16,13,8,18,0,0.0
0.6,spatial_16,16,13,9,18,0,0.0
0.6,spatial_16,16,13,10,18,0,0.0
0.6,spatial_16,16,13,11,18,0,0.0
0.6,spatial_16,16,13,12,18,15,0.8333333333333334
0.6,spatial_16,16,13,13,18,1,0.05555555555555555
0.6,spatial_16,16,13,14,18,0,0.0
0.6,spatial_16,16,13,15,18,0,0.0
0.6,spatial_16,16,14,0,7,0,0.0
0.6,spatial_16,16,14,1,7,0,0.0
0.6,spatial_16,16,14,2,7,0,0.0
0.6,spatial_16,16,14,3,7,0,0.0
0.6,spatial_16,16,14,4,7,0,0.0
0.6,spatial_16,16,14,5,7,0,0.0
0.6,spatial_16,16,14,6,7,0,0.0
0.6,spatial_16,16,14,7,7,0,0.0
0.6,spatial_16,16,14,8,7,0,0.0
0.6,spatial_16,16,14,9,7,0,0.0
0.6,spatial_16,16,14,10,7,0,0.0
0.6,spatial_16,16,14,11,7,0,0.0
0.6,spatial_16,16,14,12,7,0,0.0
0.6,spatial_16,16,14,13,7,7,1.0
0.6,spatial_16,16,14,14,7,0,0.0
0.6,spatial_16,16,14,15,7,0,0.0
0.6,spatial_16,16,15,0,0,0,0.0
0.6,spatial_16,16,15,1,0,0,0.0
0.6,spatial_16,16,15,2,0,0,0.0
0.6,spatial_16,16,15,3,0,0,0.0
0.6,spatial_16,16,15,4,0,0,0.0
0.6,spatial_16,16,15,5,0,0,0.0
0.6,spatial_16,16,15,6,0,0,0.0
0.6,spatial_16,16,15,7,0,0,0.0
0.6,spatial_16,16,15,8,0,0,0.0
0.6,spatial_16,16,15,9,0,0,0.0
0.6,spatial_16,16,15,10,0,0,0.0
0.6,spatial_16,16,15,11,0,0,0.0
0.6,spatial_16,16,15,12,0,0,0.0
0.6,spatial_16,16,15,13,0,0,0.0
0.6,spatial_16,16,15,14,0,0,0.0
0.6,spatial_16,16,15,15,0,0,0.0
0.6,root_gate_control,16,0,0,10,5,0.5
0.6,root_gate_control,16,0,1,10,0,0.0
0.6,root_gate_control,16,0,2,10,0,0.0
0.6,root_gate_control,16,0,3,10,0,0.0
0.6,root_gate_control,16,0,4,10,0,0.0
0.6,root_gate_control,16,0,5,10,0,0.0
0.6,root_gate_control,16,0,6,10,0,0.0
0.6,root_gate_control,16,0,7,10,0,0.0
0.6,root_gate_control,16,0,8,10,0,0.0
0.6,root_gate_control,16,0,9,10,0,0.0
0.6,root_gate_control,16,0,10,10,0,0.0
0.6,root_gate_control,16,0,11,10,0,0.0
0.6,root_gate_control,16,0,12,10,0,0.0
0.6,root_gate_control,16,0,13,10,0,0.0
0.6,root_gate_control,16,0,14,10,0,0.0
0.6,root_gate_control,16,0,15,10,0,0.0
0.6,root_gate_control,16,1,0,27,0,0.0
0.6,root_gate_control,16,1,1,27,18,0.6666666666666666
0.6,root_gate_control,16,1,2,27,0,0.0
0.6,root_gate_control,16,1,3,27,0,0.0
0.6,root_gate_control,16,1,4,27,0,0.0
0.6,root_gate_control,16,1,5,27,0,0.0
0.6,root_gate_control,16,1,6,27,0,0.0
0.6,root_gate_control,16,1,7,27,0,0.0
0.6,root_gate_control,16,1,8,27,0,0.0
0.6,root_gate_control,16,1,9,27,0,0.0
0.6,root_gate_control,16,1,10,27,0,0.0
0.6,root_gate_control,16,1,11,27,0,0.0
0.6,root_gate_control,16,1,12,27,0,0.0
0.6,root_gate_control,16,1,13,27,0,0.0
0.6,root_gate_control,16,1,14,27,0,0.0
0.6,root_gate_control,16,1,15,27,0,0.0
0.6,root_gate_control,16,2,0,20,0,0.0
0.6,root_gate_control,16,2,1,20,0,0.0
0.6,root_gate_control,16,2,2,20,16,0.8
0.6,root_gate_control,16,2,3,20,0,0.0
0.6,root_gate_control,16,2,4,20,0,0.0
0.6,root_gate_control,16,2,5,20,0,0.0
0.6,root_gate_control,16,2,6,20,0,0.0
0.6,root_gate_control,16,2,7,20,0,0.0
0.6,root_gate_control,16,2,8,20,0,0.0
0.6,root_gate_control,16,2,9,20,0,0.0
0.6,root_gate_control,16,2,10,20,0,0.0
0.6,root_gate_control,16,2,11,20,0,0.0
0.6,root_gate_control,16,2,12,20,0,0.0
0.6,root_gate_control,16,2,13,20,0,0.0
0.6,root_gate_control,16,2,14,20,0,0.0
0.6,root_gate_control,16,2,15,20,0,0.0
0.6,root_gate_control,16,3,0,39,0,0.0
0.6,root_gate_control,16,3,1,39,0,0.0
0.6,root_gate_control,16,3,2,39,0,0.0
0.6,root_gate_control,16,3,3,39,33,0.8461538461538461
0.6,root_gate_control,16,3,4,39,0,0.0
0.6,root_gate_control,16,3,5,39,0,0.0
0.6,root_gate_control,16,3,6,39,0,0.0
0.6,root_gate_control,16,3,7,39,0,0.0
0.6,root_gate_control,16,3,8,39,0,0.0
0.6,root_gate_control,16,3,9,39,0,0.0
0.6,root_gate_control,16,3,10,39,0,0.0
0.6,root_gate_control,16,3,11,39,0,0.0
0.6,root_gate_control,16,3,12,39,0,0.0
0.6,root_gate_control,16,3,13,39,0,0.0
0.6,root_gate_control,16,3,14,39,0,0.0
0.6,root_gate_control,16,3,15,39,0,0.0
0.6,root_gate_control,16,4,0,46,0,0.0
0.6,root_gate_control,16,4,1,46,0,0.0
0.6,root_gate_control,16,4,2,46,0,0.0
0.6,root_gate_control,16,4,3,46,0,0.0
0.6,root_gate_control,16,4,4,46,40,0.8695652173913043
0.6,root_gate_control,16,4,5,46,0,0.0
0.6,root_gate_control,16,4,6,46,0,0.0
0.6,root_gate_control,16,4,7,46,0,0.0
0.6,root_gate_control,16,4,8,46,0,0.0
0.6,root_gate_control,16,4,9,46,0,0.0
0.6,root_gate_control,16,4,10,46,0,0.0
0.6,root_gate_control,16,4,11,46,0,0.0
0.6,root_gate_control,16,4,12,46,0,0.0
0.6,root_gate_control,16,4,13,46,0,0.0
0.6,root_gate_control,16,4,14,46,0,0.0
0.6,root_gate_control,16,4,15,46,0,0.0
0.6,root_gate_control,16,5,0,85,0,0.0
0.6,root_gate_control,16,5,1,85,0,0.0
0.6,root_gate_control,16,5,2,85,0,0.0
0.6,root_gate_control,16,5,3,85,0,0.0
0.6,root_gate_control,16,5,4,85,0,0.0
0.6,root_gate_control,16,5,5,85,75,0.8823529411764706
0.6,root_gate_control,16,5,6,85,0,0.0
0.6,root_gate_control,16,5,7,85,0,0.0
0.6,root_gate_control,16,5,8,85,0,0.0
0.6,root_gate_control,16,5,9,85,0,0.0
0.6,root_gate_control,16,5,10,85,0,0.0
0.6,root_gate_control,16,5,11,85,0,0.0
0.6,root_gate_control,16,5,12,85,0,0.0
0.6,root_gate_control,16,5,13,85,0,0.0
0.6,root_gate_control,16,5,14,85,0,0.0
0.6,root_gate_control,16,5,15,85,0,0.0
0.6,root_gate_control,16,6,0,21,0,0.0
0.6,root_gate_control,16,6,1,21,0,0.0
0.6,root_gate_control,16,6,2,21,0,0.0
0.6,root_gate_control,16,6,3,21,0,0.0
0.6,root_gate_control,16,6,4,21,0,0.0
0.6,root_gate_control,16,6,5,21,0,0.0
0.6,root_gate_control,16,6,6,21,17,0.8095238095238095
0.6,root_gate_control,16,6,7,21,0,0.0
0.6,root_gate_control,16,6,8,21,0,0.0
0.6,root_gate_control,16,6,9,21,0,0.0
0.6,root_gate_control,16,6,10,21,0,0.0
0.6,root_gate_control,16,6,11,21,0,0.0
0.6,root_gate_control,16,6,12,21,0,0.0
0.6,root_gate_control,16,6,13,21,0,0.0
0.6,root_gate_control,16,6,14,21,0,0.0
0.6,root_gate_control,16,6,15,21,0,0.0
0.6,root_gate_control,16,7,0,27,0,0.0
0.6,root_gate_control,16,7,1,27,0,0.0
0.6,root_gate_control,16,7,2,27,0,0.0
0.6,root_gate_control,16,7,3,27,0,0.0
0.6,root_gate_control,16,7,4,27,0,0.0
0.6,root_gate_control,16,7,5,27,0,0.0
0.6,root_gate_control,16,7,6,27,0,0.0
0.6,root_gate_control,16,7,7,27,23,0.8518518518518519
0.6,root_gate_control,16,7,8,27,0,0.0
0.6,root_gate_control,16,7,9,27,0,0.0
0.6,root_gate_control,16,7,10,27,0,0.0
0.6,root_gate_control,16,7,11,27,0,0.0
0.6,root_gate_control,16,7,12,27,0,0.0
0.6,root_gate_control,16,7,13,27,0,0.0
0.6,root_gate_control,16,7,14,27,0,0.0
0.6,root_gate_control,16,7,15,27,0,0.0
0.6,root_gate_control,16,8,0,62,0,0.0
0.6,root_gate_control,16,8,1,62,0,0.0
0.6,root_gate_control,16,8,2,62,0,0.0
0.6,root_gate_control,16,8,3,62,0,0.0
0.6,root_gate_control,16,8,4,62,0,0.0
0.6,root_gate_control,16,8,5,62,0,0.0
0.6,root_gate_control,16,8,6,62,0,0.0
0.6,root_gate_control,16,8,7,62,0,0.0
0.6,root_gate_control,16,8,8,62,54,0.8709677419354839
0.6,root_gate_control,16,8,9,62,0,0.0
0.6,root_gate_control,16,8,10,62,0,0.0
0.6,root_gate_control,16,8,11,62,0,0.0
0.6,root_gate_control,16,8,12,62,0,0.0
0.6,root_gate_control,16,8,13,62,0,0.0
0.6,root_gate_control,16,8,14,62,0,0.0
0.6,root_gate_control,16,8,15,62,0,0.0
0.6,root_gate_control,16,9,0,51,0,0.0
0.6,root_gate_control,16,9,1,51,0,0.0
0.6,root_gate_control,16,9,2,51,0,0.0
0.6,root_gate_control,16,9,3,51,0,0.0
0.6,root_gate_control,16,9,4,51,0,0.0
0.6,root_gate_control,16,9,5,51,0,0.0
0.6,root_gate_control,16,9,6,51,0,0.0
0.6,root_gate_control,16,9,7,51,0,0.0
0.6,root_gate_control,16,9,8,51,0,0.0
0.6,root_gate_control,16,9,9,51,47,0.9215686274509803
0.6,root_gate_control,16,9,10,51,0,0.0
0.6,root_gate_control,16,9,11,51,0,0.0
0.6,root_gate_control,16,9,12,51,0,0.0
0.6,root_gate_control,16,9,13,51,0,0.0
0.6,root_gate_control,16,9,14,51,0,0.0
0.6,root_gate_control,16,9,15,51,0,0.0
0.6,root_gate_control,16,10,0,59,0,0.0
0.6,root_gate_control,16,10,1,59,0,0.0
0.6,root_gate_control,16,10,2,59,0,0.0
0.6,root_gate_control,16,10,3,59,0,0.0
0.6,root_gate_control,16,10,4,59,0,0.0
0.6,root_gate_control,16,10,5,59,0,0.0
0.6,root_gate_control,16,10,6,59,0,0.0
0.6,root_gate_control,16,10,7,59,0,0.0
0.6,root_gate_control,16,10,8,59,0,0.0
0.6,root_gate_control,16,10,9,59,0,0.0
0.6,root_gate_control,16,10,10,59,54,0.9152542372881356
0.6,root_gate_control,16,10,11,59,0,0.0
0.6,root_gate_control,16,10,12,59,0,0.0
0.6,root_gate_control,16,10,13,59,0,0.0
0.6,root_gate_control,16,10,14,59,0,0.0
0.6,root_gate_control,16,10,15,59,0,0.0
0.6,root_gate_control,16,11,0,69,0,0.0
0.6,root_gate_control,16,11,1,69,0,0.0
0.6,root_gate_control,16,11,2,69,0,0.0
0.6,root_gate_control,16,11,3,69,0,0.0
0.6,root_gate_control,16,11,4,69,0,0.0
0.6,root_gate_control,16,11,5,69,0,0.0
0.6,root_gate_control,16,11,6,69,0,0.0
0.6,root_gate_control,16,11,7,69,0,0.0
0.6,root_gate_control,16,11,8,69,0,0.0
0.6,root_gate_control,16,11,9,69,0,0.0
0.6,root_gate_control,16,11,10,69,0,0.0
0.6,root_gate_control,16,11,11,69,63,0.9130434782608695
0.6,root_gate_control,16,11,12,69,0,0.0
0.6,root_gate_control,16,11,13,69,0,0.0
0.6,root_gate_control,16,11,14,69,0,0.0
0.6,root_gate_control,16,11,15,69,0,0.0
0.6,root_gate_control,16,12,0,92,0,0.0
0.6,root_gate_control,16,12,1,92,0,0.0
0.6,root_gate_control,16,12,2,92,0,0.0
0.6,root_gate_control,16,12,3,92,0,0.0
0.6,root_gate_control,16,12,4,92,0,0.0
0.6,root_gate_control,16,12,5,92,0,0.0
0.6,root_gate_control,16,12,6,92,0,0.0
0.6,root_gate_control,16,12,7,92,0,0.0
0.6,root_gate_control,16,12,8,92,0,0.0
0.6,root_gate_control,16,12,9,92,0,0.0
0.6,root_gate_control,16,12,10,92,0,0.0
0.6,root_gate_control,16,12,11,92,0,0.0
0.6,root_gate_control,16,12,12,92,83,0.9021739130434783
0.6,root_gate_control,16,12,13,92,0,0.0
0.6,root_gate_control,16,12,14,92,0,0.0
0.6,root_gate_control,16,12,15,92,0,0.0
0.6,root_gate_control,16,13,0,76,0,0.0
0.6,root_gate_control,16,13,1,76,0,0.0
0.6,root_gate_control,16,13,2,76,0,0.0
0.6,root_gate_control,16,13,3,76,0,0.0
0.6,root_gate_control,16,13,4,76,0,0.0
0.6,root_gate_control,16,13,5,76,0,0.0
0.6,root_gate_control,16,13,6,76,0,0.0
0.6,root_gate_control,16,13,7,76,0,0.0
0.6,root_gate_control,16,13,8,76,0,0.0
0.6,root_gate_control,16,13,9,76,0,0.0
0.6,root_gate_control,16,13,10,76,0,0.0
0.6,root_gate_control,16,13,11,76,0,0.0
0.6,root_gate_control,16,13,12,76,0,0.0
0.6,root_gate_control,16,13,13,76,69,0.9078947368421053
0.6,root_gate_control,16,13,14,76,0,0.0
0.6,root_gate_control,16,13,15,76,0,0.0
0.6,root_gate_control,16,14,0,80,0,0.0
0.6,root_gate_control,16,14,1,80,0,0.0
0.6,root_gate_control,16,14,2,80,0,0.0
0.6,root_gate_control,16,14,3,80,0,0.0
0.6,root_gate_control,16,14,4,80,0,0.0
0.6,root_gate_control,16,14,5,80,0,0.0
0.6,root_gate_control,16,14,6,80,0,0.0
0.6,root_gate_control,16,14,7,80,0,0.0
0.6,root_gate_control,16,14,8,80,0,0.0
0.6,root_gate_control,16,14,9,80,0,0.0
0.6,root_gate_control,16,14,10,80,0,0.0
0.6,root_gate_control,16,14,11,80,0,0.0
0.6,root_gate_control,16,14,12,80,0,0.0
0.6,root_gate_control,16,14,13,80,0,0.0
0.6,root_gate_control,16,14,14,80,72,0.9
0.6,root_gate_control,16,14,15,80,0,0.0
0.6,root_gate_control,16,15,0,64,0,0.0
0.6,root_gate_control,16,15,1,64,0,0.0
0.6,root_gate_control,16,15,2,64,0,0.0
0.6,root_gate_control,16,15,3,64,0,0.0
0.6,root_gate_control,16,15,4,64,0,0.0
0.6,root_gate_control,16,15,5,64,0,0.0
0.6,root_gate_control,16,15,6,64,0,0.0
0.6,root_gate_control,16,15,7,64,0,0.0
0.6,root_gate_control,16,15,8,64,0,0.0
0.6,root_gate_control,16,15,9,64,0,0.0
0.6,root_gate_control,16,15,10,64,0,0.0
0.6,root_gate_control,16,15,11,64,0,0.0
0.6,root_gate_control,16,15,12,64,0,0.0
0.6,root_gate_control,16,15,13,64,0,0.0
0.6,root_gate_control,16,15,14,64,0,0.0
0.6,root_gate_control,16,15,15,64,55,0.859375
0.8,scalar,1,0,0,836,731,0.8744019138755981
0.8,severity_SR,2,0,0,305,216,0.7081967213114754
0.8,severity_SR,2,0,1,305,66,0.21639344262295082
0.8,severity_SR,2,1,0,531,1,0.0018832391713747645
0.8,severity_SR,2,1,1,531,448,0.8436911487758946
0.8,spatial_4,4,0,0,397,325,0.818639798488665
0.8,spatial_4,4,0,1,397,0,0.0
0.8,spatial_4,4,0,2,397,0,0.0
0.8,spatial_4,4,0,3,397,0,0.0
0.8,spatial_4,4,1,0,223,43,0.19282511210762332
0.8,spatial_4,4,1,1,223,163,0.7309417040358744
0.8,spatial_4,4,1,2,223,1,0.004484304932735426
0.8,spatial_4,4,1,3,223,0,0.0
0.8,spatial_4,4,2,0,168,0,0.0
0.8,spatial_4,4,2,1,168,33,0.19642857142857142
0.8,spatial_4,4,2,2,168,121,0.7202380952380952
0.8,spatial_4,4,2,3,168,0,0.0
0.8,spatial_4,4,3,0,48,0,0.0
0.8,spatial_4,4,3,1,48,0,0.0
0.8,spatial_4,4,3,2,48,21,0.4375
0.8,spatial_4,4,3,3,48,24,0.5
0.8,spatial_8,8,0,0,258,192,0.7441860465116279
0.8,spatial_8,8,0,1,258,0,0.0
0.8,spatial_8,8,0,2,258,0,0.0
0.8,spatial_8,8,0,3,258,0,0.0
0.8,spatial_8,8,0,4,258,0,0.0
0.8,spatial_8,8,0,5,258,0,0.0
0.8,spatial_8,8,0,6,258,0,0.0
0.8,spatial_8,8,0,7,258,0,0.0
0.8,spatial_8,8,1,0,139,52,0.37410071942446044
0.8,spatial_8,8,1,1,139,81,0.5827338129496403
0.8,spatial_8,8,1,2,139,0,0.0
0.8,spatial_8,8,1,3,139,0,0.0
0.8,spatial_8,8,1,4,139,0,0.0
0.8,spatial_8,8,1,5,139,0,0.0
0.8,spatial_8,8,1,6,139,0,0.0
0.8,spatial_8,8,1,7,139,0,0.0
0.8,spatial_8,8,2,0,115,0,0.0
0.8,spatial_8,8,2,1,115,43,0.3739130434782609
0.8,spatial_8,8,2,2,115,63,0.5478260869565217
0.8,spatial_8,8,2,3,115,0,0.0
0.8,spatial_8,8,2,4,115,0,0.0
0.8,spatial_8,8,2,5,115,0,0.0
0.8,spatial_8,8,2,6,115,0,0.0
0.8,spatial_8,8,2,7,115,0,0.0
0.8,spatial_8,8,3,0,108,0,0.0
0.8,spatial_8,8,3,1,108,0,0.0
0.8,spatial_8,8,3,2,108,38,0.35185185185185186
0.8,spatial_8,8,3,3,108,62,0.5740740740740741
0.8,spatial_8,8,3,4,108,1,0.009259259259259259
0.8,spatial_8,8,3,5,108,0,0.0
0.8,spatial_8,8,3,6,108,0,0.0
0.8,spatial_8,8,3,7,108,0,0.0
0.8,spatial_8,8,4,0,92,0,0.0
0.8,spatial_8,8,4,1,92,0,0.0
0.8,spatial_8,8,4,2,92,0,0.0
0.8,spatial_8,8,4,3,92,33,0.358695652173913
0.8,spatial_8,8,4,4,92,50,0.5434782608695652
0.8,spatial_8,8,4,5,92,0,0.0
0.8,spatial_8,8,4,6,92,0,0.0
0.8,spatial_8,8,4,7,92,0,0.0
0.8,spatial_8,8,5,0,76,0,0.0
0.8,spatial_8,8,5,1,76,0,0.0
0.8,spatial_8,8,5,2,76,0,0.0
0.8,spatial_8,8,5,3,76,0,0.0
0.8,spatial_8,8,5,4,76,31,0.40789473684210525
0.8,spatial_8,8,5,5,76,40,0.5263157894736842
0.8,spatial_8,8,5,6,76,0,0.0
0.8,spatial_8,8,5,7,76,0,0.0
0.8,spatial_8,8,6,0,41,0,0.0
0.8,spatial_8,8,6,1,41,0,0.0
0.8,spatial_8,8,6,2,41,0,0.0
0.8,spatial_8,8,6,3,41,0,0.0
0.8,spatial_8,8,6,4,41,0,0.0
0.8,spatial_8,8,6,5,41,21,0.5121951219512195
0.8,spatial_8,8,6,6,41,17,0.4146341463414634
0.8,spatial_8,8,6,7,41,0,0.0
0.8,spatial_8,8,7,0,7,0,0.0
0.8,spatial_8,8,7,1,7,0,0.0
0.8,spatial_8,8,7,2,7,0,0.0
0.8,spatial_8,8,7,3,7,0,0.0
0.8,spatial_8,8,7,4,7,0,0.0
0.8,spatial_8,8,7,5,7,0,0.0
0.8,spatial_8,8,7,6,7,7,1.0
0.8,spatial_8,8,7,7,7,0,0.0
0.8,spatial_16,16,0,0,180,114,0.6333333333333333
0.8,spatial_16,16,0,1,180,0,0.0
0.8,spatial_16,16,0,2,180,0,0.0
0.8,spatial_16,16,0,3,180,0,0.0
0.8,spatial_16,16,0,4,180,0,0.0
0.8,spatial_16,16,0,5,180,0,0.0
0.8,spatial_16,16,0,6,180,0,0.0
0.8,spatial_16,16,0,7,180,0,0.0
0.8,spatial_16,16,0,8,180,0,0.0
0.8,spatial_16,16,0,9,180,0,0.0
0.8,spatial_16,16,0,10,180,0,0.0
0.8,spatial_16,16,0,11,180,0,0.0
0.8,spatial_16,16,0,12,180,0,0.0
0.8,spatial_16,16,0,13,180,0,0.0
0.8,spatial_16,16,0,14,180,0,0.0
0.8,spatial_16,16,0,15,180,0,0.0
0.8,spatial_16,16,1,0,78,61,0.782051282051282
0.8,spatial_16,16,1,1,78,17,0.21794871794871795
0.8,spatial_16,16,1,2,78,0,0.0
0.8,spatial_16,16,1,3,78,0,0.0
0.8,spatial_16,16,1,4,78,0,0.0
0.8,spatial_16,16,1,5,78,0,0.0
0.8,spatial_16,16,1,6,78,0,0.0
0.8,spatial_16,16,1,7,78,0,0.0
0.8,spatial_16,16,1,8,78,0,0.0
0.8,spatial_16,16,1,9,78,0,0.0
0.8,spatial_16,16,1,10,78,0,0.0
0.8,spatial_16,16,1,11,78,0,0.0
0.8,spatial_16,16,1,12,78,0,0.0
0.8,spatial_16,16,1,13,78,0,0.0
0.8,spatial_16,16,1,14,78,0,0.0
0.8,spatial_16,16,1,15,78,0,0.0
0.8,spatial_16,16,2,0,75,0,0.0
0.8,spatial_16,16,2,1,75,52,0.6933333333333334
0.8,spatial_16,16,2,2,75,21,0.28
0.8,spatial_16,16,2,3,75,0,0.0
0.8,spatial_16,16,2,4,75,0,0.0
0.8,spatial_16,16,2,5,75,0,0.0
0.8,spatial_16,16,2,6,75,0,0.0
0.8,spatial_16,16,2,7,75,0,0.0
0.8,spatial_16,16,2,8,75,0,0.0
0.8,spatial_16,16,2,9,75,0,0.0
0.8,spatial_16,16,2,10,75,0,0.0
0.8,spatial_16,16,2,11,75,0,0.0
0.8,spatial_16,16,2,12,75,0,0.0
0.8,spatial_16,16,2,13,75,0,0.0
0.8,spatial_16,16,2,14,75,0,0.0
0.8,spatial_16,16,2,15,75,0,0.0
0.8,spatial_16,16,3,0,64,0,0.0
0.8,spatial_16,16,3,1,64,0,0.0
0.8,spatial_16,16,3,2,64,46,0.71875
0.8,spatial_16,16,3,3,64,14,0.21875
0.8,spatial_16,16,3,4,64,0,0.0
0.8,spatial_16,16,3,5,64,0,0.0
0.8,spatial_16,16,3,6,64,0,0.0
0.8,spatial_16,16,3,7,64,0,0.0
0.8,spatial_16,16,3,8,64,0,0.0
0.8,spatial_16,16,3,9,64,0,0.0
0.8,spatial_16,16,3,10,64,0,0.0
0.8,spatial_16,16,3,11,64,0,0.0
0.8,spatial_16,16,3,12,64,0,0.0
0.8,spatial_16,16,3,13,64,0,0.0
0.8,spatial_16,16,3,14,64,0,0.0
0.8,spatial_16,16,3,15,64,0,0.0
0.8,spatial_16,16,4,0,61,0,0.0
0.8,spatial_16,16,4,1,61,0,0.0
0.8,spatial_16,16,4,2,61,0,0.0
0.8,spatial_16,16,4,3,61,43,0.7049180327868853
0.8,spatial_16,16,4,4,61,14,0.22950819672131148
0.8,spatial_16,16,4,5,61,0,0.0
0.8,spatial_16,16,4,6,61,0,0.0
0.8,spatial_16,16,4,7,61,0,0.0
0.8,spatial_16,16,4,8,61,0,0.0
0.8,spatial_16,16,4,9,61,0,0.0
0.8,spatial_16,16,4,10,61,0,0.0
0.8,spatial_16,16,4,11,61,0,0.0
0.8,spatial_16,16,4,12,61,0,0.0
0.8,spatial_16,16,4,13,61,0,0.0
0.8,spatial_16,16,4,14,61,0,0.0
0.8,spatial_16,16,4,15,61,0,0.0
0.8,spatial_16,16,5,0,54,0,0.0
0.8,spatial_16,16,5,1,54,0,0.0
0.8,spatial_16,16,5,2,54,0,0.0
0.8,spatial_16,16,5,3,54,0,0.0
0.8,spatial_16,16,5,4,54,37,0.6851851851851852
0.8,spatial_16,16,5,5,54,12,0.2222222222222222
0.8,spatial_16,16,5,6,54,0,0.0
0.8,spatial_16,16,5,7,54,0,0.0
0.8,spatial_16,16,5,8,54,0,0.0
0.8,spatial_16,16,5,9,54,0,0.0
0.8,spatial_16,16,5,10,54,0,0.0
0.8,spatial_16,16,5,11,54,0,0.0
0.8,spatial_16,16,5,12,54,0,0.0
0.8,spatial_16,16,5,13,54,0,0.0
0.8,spatial_16,16,5,14,54,0,0.0
0.8,spatial_16,16,5,15,54,0,0.0
0.8,spatial_16,16,6,0,55,0,0.0
0.8,spatial_16,16,6,1,55,0,0.0
0.8,spatial_16,16,6,2,55,0,0.0
0.8,spatial_16,16,6,3,55,0,0.0
0.8,spatial_16,16,6,4,55,0,0.0
0.8,spatial_16,16,6,5,55,38,0.6909090909090909
0.8,spatial_16,16,6,6,55,14,0.2545454545454545
0.8,spatial_16,16,6,7,55,0,0.0
0.8,spatial_16,16,6,8,55,0,0.0
0.8,spatial_16,16,6,9,55,0,0.0
0.8,spatial_16,16,6,10,55,0,0.0
0.8,spatial_16,16,6,11,55,0,0.0
0.8,spatial_16,16,6,12,55,0,0.0
0.8,spatial_16,16,6,13,55,0,0.0
0.8,spatial_16,16,6,14,55,0,0.0
0.8,spatial_16,16,6,15,55,0,0.0
0.8,spatial_16,16,7,0,53,0,0.0
0.8,spatial_16,16,7,1,53,0,0.0
0.8,spatial_16,16,7,2,53,0,0.0
0.8,spatial_16,16,7,3,53,0,0.0
0.8,spatial_16,16,7,4,53,0,0.0
0.8,spatial_16,16,7,5,53,0,0.0
0.8,spatial_16,16,7,6,53,36,0.6792452830188679
0.8,spatial_16,16,7,7,53,12,0.22641509433962265
0.8,spatial_16,16,7,8,53,1,0.018867924528301886
0.8,spatial_16,16,7,9,53,0,0.0
0.8,spatial_16,16,7,10,53,0,0.0
0.8,spatial_16,16,7,11,53,0,0.0
0.8,spatial_16,16,7,12,53,0,0.0
0.8,spatial_16,16,7,13,53,0,0.0
0.8,spatial_16,16,7,14,53,0,0.0
0.8,spatial_16,16,7,15,53,0,0.0
0.8,spatial_16,16,8,0,49,0,0.0
0.8,spatial_16,16,8,1,49,0,0.0
0.8,spatial_16,16,8,2,49,0,0.0
0.8,spatial_16,16,8,3,49,0,0.0
0.8,spatial_16,16,8,4,49,0,0.0
0.8,spatial_16,16,8,5,49,0,0.0
0.8,spatial_16,16,8,6,49,0,0.0
0.8,spatial_16,16,8,7,49,33,0.673469387755102
0.8,spatial_16,16,8,8,49,11,0.22448979591836735
0.8,spatial_16,16,8,9,49,0,0.0
0.8,spatial_16,16,8,10,49,0,0.0
0.8,spatial_16,16,8,11,49,0,0.0
0.8,spatial_16,16,8,12,49,0,0.0
0.8,spatial_16,16,8,13,49,0,0.0
0.8,spatial_16,16,8,14,49,0,0.0
0.8,spatial_16,16,8,15,49,0,0.0
0.8,spatial_16,16,9,0,43,0,0.0
0.8,spatial_16,16,9,1,43,0,0.0
0.8,spatial_16,16,9,2,43,0,0.0
0.8,spatial_16,16,9,3,43,0,0.0
0.8,spatial_16,16,9,4,43,0,0.0
0.8,spatial_16,16,9,5,43,0,0.0
0.8,spatial_16,16,9,6,43,0,0.0
0.8,spatial_16,16,9,7,43,0,0.0
0.8,spatial_16,16,9,8,43,32,0.7441860465116279
0.8,spatial_16,16,9,9,43,7,0.16279069767441862
0.8,spatial_16,16,9,10,43,0,0.0
0.8,spatial_16,16,9,11,43,0,0.0
0.8,spatial_16,16,9,12,43,0,0.0
0.8,spatial_16,16,9,13,43,0,0.0
0.8,spatial_16,16,9,14,43,0,0.0
0.8,spatial_16,16,9,15,43,0,0.0
0.8,spatial_16,16,10,0,40,0,0.0
0.8,spatial_16,16,10,1,40,0,0.0
0.8,spatial_16,16,10,2,40,0,0.0
0.8,spatial_16,16,10,3,40,0,0.0
0.8,spatial_16,16,10,4,40,0,0.0
0.8,spatial_16,16,10,5,40,0,0.0
0.8,spatial_16,16,10,6,40,0,0.0
0.8,spatial_16,16,10,7,40,0,0.0
0.8,spatial_16,16,10,8,40,0,0.0
0.8,spatial_16,16,10,9,40,31,0.775
0.8,spatial_16,16,10,10,40,7,0.175
0.8,spatial_16,16,10,11,40,0,0.0
0.8,spatial_16,16,10,12,40,0,0.0
0.8,spatial_16,16,10,13,40,0,0.0
0.8,spatial_16,16,10,14,40,0,0.0
0.8,spatial_16,16,10,15,40,0,0.0
0.8,spatial_16,16,11,0,36,0,0.0
0.8,spatial_16,16,11,1,36,0,0.0
0.8,spatial_16,16,11,2,36,0,0.0
0.8,spatial_16,16,11,3,36,0,0.0
0.8,spatial_16,16,11,4,36,0,0.0
0.8,spatial_16,16,11,5,36,0,0.0
0.8,spatial_16,16,11,6,36,0,0.0
0.8,spatial_16,16,11,7,36,0,0.0
0.8,spatial_16,16,11,8,36,0,0.0
0.8,spatial_16,16,11,9,36,0,0.0
0.8,spatial_16,16,11,10,36,27,0.75
0.8,spatial_16,16,11,11,36,6,0.16666666666666666
0.8,spatial_16,16,11,12,36,0,0.0
0.8,spatial_16,16,11,13,36,0,0.0
0.8,spatial_16,16,11,14,36,0,0.0
0.8,spatial_16,16,11,15,36,0,0.0
0.8,spatial_16,16,12,0,23,0,0.0
0.8,spatial_16,16,12,1,23,0,0.0
0.8,spatial_16,16,12,2,23,0,0.0
0.8,spatial_16,16,12,3,23,0,0.0
0.8,spatial_16,16,12,4,23,0,0.0
0.8,spatial_16,16,12,5,23,0,0.0
0.8,spatial_16,16,12,6,23,0,0.0
0.8,spatial_16,16,12,7,23,0,0.0
0.8,spatial_16,16,12,8,23,0,0.0
0.8,spatial_16,16,12,9,23,0,0.0
0.8,spatial_16,16,12,10,23,0,0.0
0.8,spatial_16,16,12,11,23,21,0.9130434782608695
0.8,spatial_16,16,12,12,23,1,0.043478260869565216
0.8,spatial_16,16,12,13,23,0,0.0
0.8,spatial_16,16,12,14,23,0,0.0
0.8,spatial_16,16,12,15,23,0,0.0
0.8,spatial_16,16,13,0,18,0,0.0
0.8,spatial_16,16,13,1,18,0,0.0
0.8,spatial_16,16,13,2,18,0,0.0
0.8,spatial_16,16,13,3,18,0,0.0
0.8,spatial_16,16,13,4,18,0,0.0
0.8,spatial_16,16,13,5,18,0,0.0
0.8,spatial_16,16,13,6,18,0,0.0
0.8,spatial_16,16,13,7,18,0,0.0
0.8,spatial_16,16,13,8,18,0,0.0
0.8,spatial_16,16,13,9,18,0,0.0
0.8,spatial_16,16,13,10,18,0,0.0
0.8,spatial_16,16,13,11,18,0,0.0
0.8,spatial_16,16,13,12,18,15,0.8333333333333334
0.8,spatial_16,16,13,13,18,1,0.05555555555555555
0.8,spatial_16,16,13,14,18,0,0.0
0.8,spatial_16,16,13,15,18,0,0.0
0.8,spatial_16,16,14,0,7,0,0.0
0.8,spatial_16,16,14,1,7,0,0.0
0.8,spatial_16,16,14,2,7,0,0.0
0.8,spatial_16,16,14,3,7,0,0.0
0.8,spatial_16,16,14,4,7,0,0.0
0.8,spatial_16,16,14,5,7,0,0.0
0.8,spatial_16,16,14,6,7,0,0.0
0.8,spatial_16,16,14,7,7,0,0.0
0.8,spatial_16,16,14,8,7,0,0.0
0.8,spatial_16,16,14,9,7,0,0.0
0.8,spatial_16,16,14,10,7,0,0.0
0.8,spatial_16,16,14,11,7,0,0.0
0.8,spatial_16,16,14,12,7,0,0.0
0.8,spatial_16,16,14,13,7,7,1.0
0.8,spatial_16,16,14,14,7,0,0.0
0.8,spatial_16,16,14,15,7,0,0.0
0.8,spatial_16,16,15,0,0,0,0.0
0.8,spatial_16,16,15,1,0,0,0.0
0.8,spatial_16,16,15,2,0,0,0.0
0.8,spatial_16,16,15,3,0,0,0.0
0.8,spatial_16,16,15,4,0,0,0.0
0.8,spatial_16,16,15,5,0,0,0.0
0.8,spatial_16,16,15,6,0,0,0.0
0.8,spatial_16,16,15,7,0,0,0.0
0.8,spatial_16,16,15,8,0,0,0.0
0.8,spatial_16,16,15,9,0,0,0.0
0.8,spatial_16,16,15,10,0,0,0.0
0.8,spatial_16,16,15,11,0,0,0.0
0.8,spatial_16,16,15,12,0,0,0.0
0.8,spatial_16,16,15,13,0,0,0.0
0.8,spatial_16,16,15,14,0,0,0.0
0.8,spatial_16,16,15,15,0,0,0.0
0.8,root_gate_control,16,0,0,10,5,0.5
0.8,root_gate_control,16,0,1,10,0,0.0
0.8,root_gate_control,16,0,2,10,0,0.0
0.8,root_gate_control,16,0,3,10,0,0.0
0.8,root_gate_control,16,0,4,10,0,0.0
0.8,root_gate_control,16,0,5,10,0,0.0
0.8,root_gate_control,16,0,6,10,0,0.0
0.8,root_gate_control,16,0,7,10,0,0.0
0.8,root_gate_control,16,0,8,10,0,0.0
0.8,root_gate_control,16,0,9,10,0,0.0
0.8,root_gate_control,16,0,10,10,0,0.0
0.8,root_gate_control,16,0,11,10,0,0.0
0.8,root_gate_control,16,0,12,10,0,0.0
0.8,root_gate_control,16,0,13,10,0,0.0
0.8,root_gate_control,16,0,14,10,0,0.0
0.8,root_gate_control,16,0,15,10,0,0.0
0.8,root_gate_control,16,1,0,27,0,0.0
0.8,root_gate_control,16,1,1,27,18,0.6666666666666666
0.8,root_gate_control,16,1,2,27,0,0.0
0.8,root_gate_control,16,1,3,27,0,0.0
0.8,root_gate_control,16,1,4,27,0,0.0
0.8,root_gate_control,16,1,5,27,0,0.0
0.8,root_gate_control,16,1,6,27,0,0.0
0.8,root_gate_control,16,1,7,27,0,0.0
0.8,root_gate_control,16,1,8,27,0,0.0
0.8,root_gate_control,16,1,9,27,0,0.0
0.8,root_gate_control,16,1,10,27,0,0.0
0.8,root_gate_control,16,1,11,27,0,0.0
0.8,root_gate_control,16,1,12,27,0,0.0
0.8,root_gate_control,16,1,13,27,0,0.0
0.8,root_gate_control,16,1,14,27,0,0.0
0.8,root_gate_control,16,1,15,27,0,0.0
0.8,root_gate_control,16,2,0,20,0,0.0
0.8,root_gate_control,16,2,1,20,0,0.0
0.8,root_gate_control,16,2,2,20,16,0.8
0.8,root_gate_control,16,2,3,20,0,0.0
0.8,root_gate_control,16,2,4,20,0,0.0
0.8,root_gate_control,16,2,5,20,0,0.0
0.8,root_gate_control,16,2,6,20,0,0.0
0.8,root_gate_control,16,2,7,20,0,0.0
0.8,root_gate_control,16,2,8,20,0,0.0
0.8,root_gate_control,16,2,9,20,0,0.0
0.8,root_gate_control,16,2,10,20,0,0.0
0.8,root_gate_control,16,2,11,20,0,0.0
0.8,root_gate_control,16,2,12,20,0,0.0
0.8,root_gate_control,16,2,13,20,0,0.0
0.8,root_gate_control,16,2,14,20,0,0.0
0.8,root_gate_control,16,2,15,20,0,0.0
0.8,root_gate_control,16,3,0,40,0,0.0
0.8,root_gate_control,16,3,1,40,0,0.0
0.8,root_gate_control,16,3,2,40,0,0.0
0.8,root_gate_control,16,3,3,40,34,0.85
0.8,root_gate_control,16,3,4,40,0,0.0
0.8,root_gate_control,16,3,5,40,0,0.0
0.8,root_gate_control,16,3,6,40,0,0.0
0.8,root_gate_control,16,3,7,40,0,0.0
0.8,root_gate_control,16,3,8,40,0,0.0
0.8,root_gate_control,16,3,9,40,0,0.0
0.8,root_gate_control,16,3,10,40,0,0.0
0.8,root_gate_control,16,3,11,40,0,0.0
0.8,root_gate_control,16,3,12,40,0,0.0
0.8,root_gate_control,16,3,13,40,0,0.0
0.8,root_gate_control,16,3,14,40,0,0.0
0.8,root_gate_control,16,3,15,40,0,0.0
0.8,root_gate_control,16,4,0,46,0,0.0
0.8,root_gate_control,16,4,1,46,0,0.0
0.8,root_gate_control,16,4,2,46,0,0.0
0.8,root_gate_control,16,4,3,46,0,0.0
0.8,root_gate_control,16,4,4,46,40,0.8695652173913043
0.8,root_gate_control,16,4,5,46,0,0.0
0.8,root_gate_control,16,4,6,46,0,0.0
0.8,root_gate_control,16,4,7,46,0,0.0
0.8,root_gate_control,16,4,8,46,0,0.0
0.8,root_gate_control,16,4,9,46,0,0.0
0.8,root_gate_control,16,4,10,46,0,0.0
0.8,root_gate_control,16,4,11,46,0,0.0
0.8,root_gate_control,16,4,12,46,0,0.0
0.8,root_gate_control,16,4,13,46,0,0.0
0.8,root_gate_control,16,4,14,46,0,0.0
0.8,root_gate_control,16,4,15,46,0,0.0
0.8,root_gate_control,16,5,0,86,0,0.0
0.8,root_gate_control,16,5,1,86,0,0.0
0.8,root_gate_control,16,5,2,86,0,0.0
0.8,root_gate_control,16,5,3,86,0,0.0
0.8,root_gate_control,16,5,4,86,0,0.0
0.8,root_gate_control,16,5,5,86,76,0.8837209302325582
0.8,root_gate_control,16,5,6,86,0,0.0
0.8,root_gate_control,16,5,7,86,0,0.0
0.8,root_gate_control,16,5,8,86,0,0.0
0.8,root_gate_control,16,5,9,86,0,0.0
0.8,root_gate_control,16,5,10,86,0,0.0
0.8,root_gate_control,16,5,11,86,0,0.0
0.8,root_gate_control,16,5,12,86,0,0.0
0.8,root_gate_control,16,5,13,86,0,0.0
0.8,root_gate_control,16,5,14,86,0,0.0
0.8,root_gate_control,16,5,15,86,0,0.0
0.8,root_gate_control,16,6,0,21,0,0.0
0.8,root_gate_control,16,6,1,21,0,0.0
0.8,root_gate_control,16,6,2,21,0,0.0
0.8,root_gate_control,16,6,3,21,0,0.0
0.8,root_gate_control,16,6,4,21,0,0.0
0.8,root_gate_control,16,6,5,21,0,0.0
0.8,root_gate_control,16,6,6,21,17,0.8095238095238095
0.8,root_gate_control,16,6,7,21,0,0.0
0.8,root_gate_control,16,6,8,21,0,0.0
0.8,root_gate_control,16,6,9,21,0,0.0
0.8,root_gate_control,16,6,10,21,0,0.0
0.8,root_gate_control,16,6,11,21,0,0.0
0.8,root_gate_control,16,6,12,21,0,0.0
0.8,root_gate_control,16,6,13,21,0,0.0
0.8,root_gate_control,16,6,14,21,0,0.0
0.8,root_gate_control,16,6,15,21,0,0.0
0.8,root_gate_control,16,7,0,29,0,0.0
0.8,root_gate_control,16,7,1,29,0,0.0
0.8,root_gate_control,16,7,2,29,0,0.0
0.8,root_gate_control,16,7,3,29,0,0.0
0.8,root_gate_control,16,7,4,29,0,0.0
0.8,root_gate_control,16,7,5,29,0,0.0
0.8,root_gate_control,16,7,6,29,0,0.0
0.8,root_gate_control,16,7,7,29,25,0.8620689655172413
0.8,root_gate_control,16,7,8,29,0,0.0
0.8,root_gate_control,16,7,9,29,0,0.0
0.8,root_gate_control,16,7,10,29,0,0.0
0.8,root_gate_control,16,7,11,29,0,0.0
0.8,root_gate_control,16,7,12,29,0,0.0
0.8,root_gate_control,16,7,13,29,0,0.0
0.8,root_gate_control,16,7,14,29,0,0.0
0.8,root_gate_control,16,7,15,29,0,0.0
0.8,root_gate_control,16,8,0,62,0,0.0
0.8,root_gate_control,16,8,1,62,0,0.0
0.8,root_gate_control,16,8,2,62,0,0.0
0.8,root_gate_control,16,8,3,62,0,0.0
0.8,root_gate_control,16,8,4,62,0,0.0
0.8,root_gate_control,16,8,5,62,0,0.0
0.8,root_gate_control,16,8,6,62,0,0.0
0.8,root_gate_control,16,8,7,62,0,0.0
0.8,root_gate_control,16,8,8,62,54,0.8709677419354839
0.8,root_gate_control,16,8,9,62,0,0.0
0.8,root_gate_control,16,8,10,62,0,0.0
0.8,root_gate_control,16,8,11,62,0,0.0
0.8,root_gate_control,16,8,12,62,0,0.0
0.8,root_gate_control,16,8,13,62,0,0.0
0.8,root_gate_control,16,8,14,62,0,0.0
0.8,root_gate_control,16,8,15,62,0,0.0
0.8,root_gate_control,16,9,0,54,0,0.0
0.8,root_gate_control,16,9,1,54,0,0.0
0.8,root_gate_control,16,9,2,54,0,0.0
0.8,root_gate_control,16,9,3,54,0,0.0
0.8,root_gate_control,16,9,4,54,0,0.0
0.8,root_gate_control,16,9,5,54,0,0.0
0.8,root_gate_control,16,9,6,54,0,0.0
0.8,root_gate_control,16,9,7,54,0,0.0
0.8,root_gate_control,16,9,8,54,0,0.0
0.8,root_gate_control,16,9,9,54,49,0.9074074074074074
0.8,root_gate_control,16,9,10,54,0,0.0
0.8,root_gate_control,16,9,11,54,0,0.0
0.8,root_gate_control,16,9,12,54,0,0.0
0.8,root_gate_control,16,9,13,54,0,0.0
0.8,root_gate_control,16,9,14,54,0,0.0
0.8,root_gate_control,16,9,15,54,0,0.0
0.8,root_gate_control,16,10,0,59,0,0.0
0.8,root_gate_control,16,10,1,59,0,0.0
0.8,root_gate_control,16,10,2,59,0,0.0
0.8,root_gate_control,16,10,3,59,0,0.0
0.8,root_gate_control,16,10,4,59,0,0.0
0.8,root_gate_control,16,10,5,59,0,0.0
0.8,root_gate_control,16,10,6,59,0,0.0
0.8,root_gate_control,16,10,7,59,0,0.0
0.8,root_gate_control,16,10,8,59,0,0.0
0.8,root_gate_control,16,10,9,59,0,0.0
0.8,root_gate_control,16,10,10,59,54,0.9152542372881356
0.8,root_gate_control,16,10,11,59,0,0.0
0.8,root_gate_control,16,10,12,59,0,0.0
0.8,root_gate_control,16,10,13,59,0,0.0
0.8,root_gate_control,16,10,14,59,0,0.0
0.8,root_gate_control,16,10,15,59,0,0.0
0.8,root_gate_control,16,11,0,69,0,0.0
0.8,root_gate_control,16,11,1,69,0,0.0
0.8,root_gate_control,16,11,2,69,0,0.0
0.8,root_gate_control,16,11,3,69,0,0.0
0.8,root_gate_control,16,11,4,69,0,0.0
0.8,root_gate_control,16,11,5,69,0,0.0
0.8,root_gate_control,16,11,6,69,0,0.0
0.8,root_gate_control,16,11,7,69,0,0.0
0.8,root_gate_control,16,11,8,69,0,0.0
0.8,root_gate_control,16,11,9,69,0,0.0
0.8,root_gate_control,16,11,10,69,0,0.0
0.8,root_gate_control,16,11,11,69,63,0.9130434782608695
0.8,root_gate_control,16,11,12,69,0,0.0
0.8,root_gate_control,16,11,13,69,0,0.0
0.8,root_gate_control,16,11,14,69,0,0.0
0.8,root_gate_control,16,11,15,69,0,0.0
0.8,root_gate_control,16,12,0,91,0,0.0
0.8,root_gate_control,16,12,1,91,0,0.0
0.8,root_gate_control,16,12,2,91,0,0.0
0.8,root_gate_control,16,12,3,91,0,0.0
0.8,root_gate_control,16,12,4,91,0,0.0
0.8,root_gate_control,16,12,5,91,0,0.0
0.8,root_gate_control,16,12,6,91,0,0.0
0.8,root_gate_control,16,12,7,91,0,0.0
0.8,root_gate_control,16,12,8,91,0,0.0
0.8,root_gate_control,16,12,9,91,0,0.0
0.8,root_gate_control,16,12,10,91,0,0.0
0.8,root_gate_control,16,12,11,91,0,0.0
0.8,root_gate_control,16,12,12,91,82,0.9010989010989011
0.8,root_gate_control,16,12,13,91,0,0.0
0.8,root_gate_control,16,12,14,91,0,0.0
0.8,root_gate_control,16,12,15,91,0,0.0
0.8,root_gate_control,16,13,0,77,0,0.0
0.8,root_gate_control,16,13,1,77,0,0.0
0.8,root_gate_control,16,13,2,77,0,0.0
0.8,root_gate_control,16,13,3,77,0,0.0
0.8,root_gate_control,16,13,4,77,0,0.0
0.8,root_gate_control,16,13,5,77,0,0.0
0.8,root_gate_control,16,13,6,77,0,0.0
0.8,root_gate_control,16,13,7,77,0,0.0
0.8,root_gate_control,16,13,8,77,0,0.0
0.8,root_gate_control,16,13,9,77,0,0.0
0.8,root_gate_control,16,13,10,77,0,0.0
0.8,root_gate_control,16,13,11,77,0,0.0
0.8,root_gate_control,16,13,12,77,0,0.0
0.8,root_gate_control,16,13,13,77,70,0.9090909090909091
0.8,root_gate_control,16,13,14,77,0,0.0
0.8,root_gate_control,16,13,15,77,0,0.0
0.8,root_gate_control,16,14,0,80,0,0.0
0.8,root_gate_control,16,14,1,80,0,0.0
0.8,root_gate_control,16,14,2,80,0,0.0
0.8,root_gate_control,16,14,3,80,0,0.0
0.8,root_gate_control,16,14,4,80,0,0.0
0.8,root_gate_control,16,14,5,80,0,0.0
0.8,root_gate_control,16,14,6,80,0,0.0
0.8,root_gate_control,16,14,7,80,0,0.0
0.8,root_gate_control,16,14,8,80,0,0.0
0.8,root_gate_control,16,14,9,80,0,0.0
0.8,root_gate_control,16,14,10,80,0,0.0
0.8,root_gate_control,16,14,11,80,0,0.0
0.8,root_gate_control,16,14,12,80,0,0.0
0.8,root_gate_control,16,14,13,80,0,0.0
0.8,root_gate_control,16,14,14,80,72,0.9
0.8,root_gate_control,16,14,15,80,0,0.0
0.8,root_gate_control,16,15,0,65,0,0.0
0.8,root_gate_control,16,15,1,65,0,0.0
0.8,root_gate_control,16,15,2,65,0,0.0
0.8,root_gate_control,16,15,3,65,0,0.0
0.8,root_gate_control,16,15,4,65,0,0.0
0.8,root_gate_control,16,15,5,65,0,0.0
0.8,root_gate_control,16,15,6,65,0,0.0
0.8,root_gate_control,16,15,7,65,0,0.0
0.8,root_gate_control,16,15,8,65,0,0.0
0.8,root_gate_control,16,15,9,65,0,0.0
0.8,root_gate_control,16,15,10,65,0,0.0
0.8,root_gate_control,16,15,11,65,0,0.0
0.8,root_gate_control,16,15,12,65,0,0.0
0.8,root_gate_control,16,15,13,65,0,0.0
0.8,root_gate_control,16,15,14,65,0,0.0
0.8,root_gate_control,16,15,15,65,56,0.8615384615384616
